[
    {
      "model": "sessions.session",
      "pk": "aebm3peqr13xsfhffw0j4kg4uxmi53op",
      "fields": {
        "session_data": ".eJxVjDsOwjAQBe_iGln-bhxKes5g7XptHECOFCcV4u4QKQW0b2beS0Tc1hq3npc4sTgLLU6_G2F65LYDvmO7zTLNbV0mkrsiD9rldeb8vBzu30HFXr91yuC1t2xHndGQL8ESuMLg2TgMWSmrBmNSYBg0FjDkGEoaQaUA5K14fwDdPjeg:1lCG5Y:yrsgPkl4PRbeNIop42NmxTtmy8iegw7yn7o8z6vNnmI",
        "expire_date": "2021-03-03T06:13:28.024Z"
      }
    },
    {
      "model": "sessions.session",
      "pk": "eetovbubn4op6phth82bpnf94z4yvpmc",
      "fields": {
        "session_data": "e30:1lD0Jf:eqaAuq_BJBPdDRWNn7FBO41t55X1kfZkgCSlFnUEmaE",
        "expire_date": "2021-03-05T07:35:07.295Z"
      }
    },
    {
      "model": "sessions.session",
      "pk": "ek6hq7sdxvefknj1of0unqzuh4ads03z",
      "fields": {
        "session_data": "e30:1lCGRF:SYhZMRawvn48jdXlLfxejuss7r1SNXHd6ZTAq6Ci5rs",
        "expire_date": "2021-03-03T06:35:53.561Z"
      }
    },
    {
      "model": "like_system.likestarget",
      "pk": 1,
      "fields": {}
    },
    {
      "model": "like_system.likestarget",
      "pk": 2,
      "fields": {}
    },
    {
      "model": "like_system.likestarget",
      "pk": 3,
      "fields": {}
    },
    {
      "model": "like_system.likestarget",
      "pk": 4,
      "fields": {}
    },
    {
      "model": "like_system.likestarget",
      "pk": 5,
      "fields": {}
    },
    {
      "model": "accounts.user",
      "fields": {
        "password": "pbkdf2_sha256$216000$xYNMeSIMRs8R$JJlqu4Sguv17eJrRY70Bkqazm3YTsm8+3VMJDmWnTgM=",
        "last_login": "2021-02-22T06:05:19Z",
        "is_superuser": true,
        "username": "abhishek",
        "full_name": "abhishek",
        "phone_number": 9725320900,
        "is_staff": true,
        "is_active": true,
        "date_joined": "2021-02-03",
        "is_new_cardealer": false,
        "is_bank": false,
        "phone_number_verified": false,
        "email_verified": false,
        "change_pw": true,
        "country_code": 91,
        "email": "abc@gmail.com",
        "last_name": "shek",
        "first_name": "abhi",
        "groups": [],
        "user_permissions": []
      }
    },
    {
      "model": "accounts.user",
      "fields": {
        "password": "pbkdf2_sha256$216000$BcPoXnmeKh84$88halJRMd5tDQRmo/P+mPSR5fUpwaVUIw2pyC949N/0=",
        "last_login": "2021-02-12T08:53:53.658Z",
        "is_superuser": false,
        "username": "abhi",
        "full_name": "abhi",
        "phone_number": 9106678599,
        "is_staff": false,
        "is_active": true,
        "date_joined": "2021-02-12",
        "is_new_cardealer": false,
        "is_bank": false,
        "phone_number_verified": false,
        "email_verified": false,
        "change_pw": true,
        "country_code": 91,
        "email": null,
        "last_name": null,
        "first_name": null,
        "groups": [],
        "user_permissions": []
      }
    },
    {
      "model": "accounts.user",
      "fields": {
        "password": "pbkdf2_sha256$216000$5jj8Hq2w7YnB$91c23T8JLjAy840KlTpeO1VEgPy9KpC6hUYyDIogZZM=",
        "last_login": "2021-02-22T10:31:00.548Z",
        "is_superuser": false,
        "username": "abcd",
        "full_name": "",
        "phone_number": 2222222,
        "is_staff": false,
        "is_active": true,
        "date_joined": "2021-02-17",
        "is_new_cardealer": false,
        "is_bank": true,
        "phone_number_verified": false,
        "email_verified": false,
        "change_pw": true,
        "country_code": 91,
        "email": "abcd@g.com",
        "last_name": "cd",
        "first_name": "ab",
        "groups": [],
        "user_permissions": []
      }
    },
    {
      "model": "accounts.user",
      "fields": {
        "password": "pbkdf2_sha256$216000$3zWFms6Pdm77$l7QG8Jj9AGxC0izDSPdt5rajqo7bm0HF9cOFtP7hjg0=",
        "last_login": "2021-02-22T10:32:09.996Z",
        "is_superuser": false,
        "username": "cardealer1",
        "full_name": "",
        "phone_number": 9229489599,
        "is_staff": false,
        "is_active": true,
        "date_joined": "2021-02-19",
        "is_new_cardealer": true,
        "is_bank": false,
        "phone_number_verified": false,
        "email_verified": false,
        "change_pw": true,
        "country_code": 91,
        "email": "c1@gmail.com",
        "last_name": "cardealer1",
        "first_name": "cardealer1",
        "groups": [],
        "user_permissions": []
      }
    },
    {
      "model": "cars.city",
      "pk": 1,
      "fields": {
        "city_name": "Ahmedabad"
      }
    },
    {
      "model": "cars.city",
      "pk": 2,
      "fields": {
        "city_name": "Banglore"
      }
    },
    {
      "model": "cars.city",
      "pk": 3,
      "fields": {
        "city_name": "Chennai"
      }
    },
    {
      "model": "cars.city",
      "pk": 4,
      "fields": {
        "city_name": "Delhi"
      }
    },
    {
      "model": "cars.city",
      "pk": 5,
      "fields": {
        "city_name": "Hyderabad"
      }
    },
    {
      "model": "cars.city",
      "pk": 6,
      "fields": {
        "city_name": "Jaipur"
      }
    },
    {
      "model": "cars.city",
      "pk": 7,
      "fields": {
        "city_name": "Lucknow"
      }
    },
    {
      "model": "cars.city",
      "pk": 8,
      "fields": {
        "city_name": "Mumbai"
      }
    },
    {
      "model": "cars.city",
      "pk": 9,
      "fields": {
        "city_name": "Pune"
      }
    },
    {
      "model": "cars.city",
      "pk": 10,
      "fields": {
        "city_name": "Rajkot"
      }
    },
    {
      "model": "cars.city",
      "pk": 11,
      "fields": {
        "city_name": "Surat"
      }
    },
    {
      "model": "cars.city",
      "pk": 12,
      "fields": {
        "city_name": "Vadodara"
      }
    },
    {
      "model": "cars.carcompany",
      "pk": 1,
      "fields": {
        "company_name": "Audi",
        "company_logo": "media/company-logo/audi_NIChHQh.png"
      }
    },
    {
      "model": "cars.carcompany",
      "pk": 2,
      "fields": {
        "company_name": "Chevrolet",
        "company_logo": "media/company-logo/chevrolet_8xiuupu.png"
      }
    },
    {
      "model": "cars.carcompany",
      "pk": 3,
      "fields": {
        "company_name": "Fiat",
        "company_logo": "media/company-logo/fiat_bomfMKd.png"
      }
    },
    {
      "model": "cars.carcompany",
      "pk": 4,
      "fields": {
        "company_name": "Ford",
        "company_logo": "media/company-logo/ford_giSqPyj.png"
      }
    },
    {
      "model": "cars.carcompany",
      "pk": 5,
      "fields": {
        "company_name": "Honda",
        "company_logo": "media/company-logo/honda_dvYq7YC.png"
      }
    },
    {
      "model": "cars.carcompany",
      "pk": 6,
      "fields": {
        "company_name": "Hyundai",
        "company_logo": "media/company-logo/hyundai_muxQQKo.png"
      }
    },
    {
      "model": "cars.carcompany",
      "pk": 7,
      "fields": {
        "company_name": "Mahindra",
        "company_logo": "media/company-logo/mahindra_Up6GphT.png"
      }
    },
    {
      "model": "cars.carcompany",
      "pk": 8,
      "fields": {
        "company_name": "Maruti-suzuki",
        "company_logo": "media/company-logo/maruti-suzuki_7oT7Zzb.png"
      }
    },
    {
      "model": "cars.carcompany",
      "pk": 9,
      "fields": {
        "company_name": "Mercedes-benz",
        "company_logo": "media/company-logo/mercedes-benz_nafwSD5.png"
      }
    },
    {
      "model": "cars.carcompany",
      "pk": 10,
      "fields": {
        "company_name": "Nissan",
        "company_logo": "media/company-logo/nissan_YENEiGp.png"
      }
    },
    {
      "model": "cars.carcompany",
      "pk": 11,
      "fields": {
        "company_name": "Renault",
        "company_logo": "media/company-logo/renault_19Euv30.png"
      }
    },
    {
      "model": "cars.carcompany",
      "pk": 12,
      "fields": {
        "company_name": "Skoda",
        "company_logo": "media/company-logo/skoda_1BptCdP.png"
      }
    },
    {
      "model": "cars.carcompany",
      "pk": 13,
      "fields": {
        "company_name": "Tata",
        "company_logo": "media/company-logo/tata_vPi5jIt.png"
      }
    },
    {
      "model": "cars.carcompany",
      "pk": 14,
      "fields": {
        "company_name": "Toyota",
        "company_logo": "media/company-logo/toyota_0Apy7Ly.png"
      }
    },
    {
      "model": "cars.carcompany",
      "pk": 15,
      "fields": {
        "company_name": "Volkswagen",
        "company_logo": "media/company-logo/volkswagen_sphxqXP.png"
      }
    },
    {
      "model": "cars.carmodel",
      "pk": 2,
      "fields": {
        "car_model_name": "A4",
        "car_company": 1
      }
    },
    {
      "model": "cars.carmodel",
      "pk": 3,
      "fields": {
        "car_model_name": "A6",
        "car_company": 1
      }
    },
    {
      "model": "cars.carmodel",
      "pk": 4,
      "fields": {
        "car_model_name": "Q3",
        "car_company": 1
      }
    },
    {
      "model": "cars.carmodel",
      "pk": 5,
      "fields": {
        "car_model_name": "Q5",
        "car_company": 1
      }
    },
    {
      "model": "cars.carmodel",
      "pk": 6,
      "fields": {
        "car_model_name": "Q7",
        "car_company": 1
      }
    },
    {
      "model": "cars.carmodel",
      "pk": 7,
      "fields": {
        "car_model_name": "AVEO",
        "car_company": 2
      }
    },
    {
      "model": "cars.carmodel",
      "pk": 8,
      "fields": {
        "car_model_name": "AVEO U VA",
        "car_company": 2
      }
    },
    {
      "model": "cars.carmodel",
      "pk": 9,
      "fields": {
        "car_model_name": "BEAT",
        "car_company": 2
      }
    },
    {
      "model": "cars.carmodel",
      "pk": 10,
      "fields": {
        "car_model_name": "CRUZE",
        "car_company": 2
      }
    },
    {
      "model": "cars.carmodel",
      "pk": 11,
      "fields": {
        "car_model_name": "SPARK",
        "car_company": 2
      }
    },
    {
      "model": "cars.carmodel",
      "pk": 12,
      "fields": {
        "car_model_name": "GRAND PUNTO",
        "car_company": 3
      }
    },
    {
      "model": "cars.carmodel",
      "pk": 13,
      "fields": {
        "car_model_name": "PALIO",
        "car_company": 3
      }
    },
    {
      "model": "cars.carmodel",
      "pk": 14,
      "fields": {
        "car_model_name": "PALIO STILE",
        "car_company": 3
      }
    },
    {
      "model": "cars.carmodel",
      "pk": 15,
      "fields": {
        "car_model_name": "LINEA",
        "car_company": 3
      }
    },
    {
      "model": "cars.carmodel",
      "pk": 16,
      "fields": {
        "car_model_name": "PUNTO EVO",
        "car_company": 3
      }
    },
    {
      "model": "cars.carmodel",
      "pk": 17,
      "fields": {
        "car_model_name": "ECOSPORT",
        "car_company": 4
      }
    },
    {
      "model": "cars.carmodel",
      "pk": 18,
      "fields": {
        "car_model_name": "FIGO",
        "car_company": 4
      }
    },
    {
      "model": "cars.carmodel",
      "pk": 19,
      "fields": {
        "car_model_name": "ENDEAVOUR",
        "car_company": 4
      }
    },
    {
      "model": "cars.carmodel",
      "pk": 20,
      "fields": {
        "car_model_name": "FIESTA",
        "car_company": 4
      }
    },
    {
      "model": "cars.carmodel",
      "pk": 21,
      "fields": {
        "car_model_name": "IKON",
        "car_company": 4
      }
    },
    {
      "model": "cars.carmodel",
      "pk": 22,
      "fields": {
        "car_model_name": "AMAZE",
        "car_company": 5
      }
    },
    {
      "model": "cars.carmodel",
      "pk": 23,
      "fields": {
        "car_model_name": "BRIO",
        "car_company": 5
      }
    },
    {
      "model": "cars.carmodel",
      "pk": 24,
      "fields": {
        "car_model_name": "CITY",
        "car_company": 5
      }
    },
    {
      "model": "cars.carmodel",
      "pk": 25,
      "fields": {
        "car_model_name": "CIVIC",
        "car_company": 5
      }
    },
    {
      "model": "cars.carmodel",
      "pk": 26,
      "fields": {
        "car_model_name": "GRAND I 10",
        "car_company": 6
      }
    },
    {
      "model": "cars.carmodel",
      "pk": 27,
      "fields": {
        "car_model_name": "I10",
        "car_company": 6
      }
    },
    {
      "model": "cars.carmodel",
      "pk": 28,
      "fields": {
        "car_model_name": "I20",
        "car_company": 6
      }
    },
    {
      "model": "cars.carmodel",
      "pk": 29,
      "fields": {
        "car_model_name": "SANTRO XING",
        "car_company": 6
      }
    },
    {
      "model": "cars.carmodel",
      "pk": 30,
      "fields": {
        "car_model_name": "VERNA",
        "car_company": 6
      }
    },
    {
      "model": "cars.carmodel",
      "pk": 31,
      "fields": {
        "car_model_name": "BOLERO",
        "car_company": 7
      }
    },
    {
      "model": "cars.carmodel",
      "pk": 32,
      "fields": {
        "car_model_name": "KUV100",
        "car_company": 7
      }
    },
    {
      "model": "cars.carmodel",
      "pk": 33,
      "fields": {
        "car_model_name": "XUV500",
        "car_company": 7
      }
    },
    {
      "model": "cars.carmodel",
      "pk": 34,
      "fields": {
        "car_model_name": "Scorpio",
        "car_company": 7
      }
    },
    {
      "model": "cars.carmodel",
      "pk": 35,
      "fields": {
        "car_model_name": "XYLO",
        "car_company": 7
      }
    },
    {
      "model": "cars.carmodel",
      "pk": 36,
      "fields": {
        "car_model_name": "ALTO",
        "car_company": 8
      }
    },
    {
      "model": "cars.carmodel",
      "pk": 37,
      "fields": {
        "car_model_name": "SWIFT",
        "car_company": 8
      }
    },
    {
      "model": "cars.carmodel",
      "pk": 38,
      "fields": {
        "car_model_name": "SWIFT DZIRE",
        "car_company": 8
      }
    },
    {
      "model": "cars.carmodel",
      "pk": 39,
      "fields": {
        "car_model_name": "WAGON R",
        "car_company": 8
      }
    },
    {
      "model": "cars.carmodel",
      "pk": 40,
      "fields": {
        "car_model_name": "WAGON R 1.0",
        "car_company": 8
      }
    },
    {
      "model": "cars.carmodel",
      "pk": 41,
      "fields": {
        "car_model_name": "B CLASS",
        "car_company": 9
      }
    },
    {
      "model": "cars.carmodel",
      "pk": 42,
      "fields": {
        "car_model_name": "C CLASS",
        "car_company": 9
      }
    },
    {
      "model": "cars.carmodel",
      "pk": 43,
      "fields": {
        "car_model_name": "ML CLASS",
        "car_company": 9
      }
    },
    {
      "model": "cars.carmodel",
      "pk": 44,
      "fields": {
        "car_model_name": "S CLASS",
        "car_company": 9
      }
    },
    {
      "model": "cars.carmodel",
      "pk": 45,
      "fields": {
        "car_model_name": "MICRA",
        "car_company": 10
      }
    },
    {
      "model": "cars.carmodel",
      "pk": 46,
      "fields": {
        "car_model_name": "SUNNY",
        "car_company": 10
      }
    },
    {
      "model": "cars.carmodel",
      "pk": 47,
      "fields": {
        "car_model_name": "MICRA ACTIVE",
        "car_company": 10
      }
    },
    {
      "model": "cars.carmodel",
      "pk": 48,
      "fields": {
        "car_model_name": "DUSTER",
        "car_company": 11
      }
    },
    {
      "model": "cars.carmodel",
      "pk": 49,
      "fields": {
        "car_model_name": "KWID",
        "car_company": 11
      }
    },
    {
      "model": "cars.carmodel",
      "pk": 50,
      "fields": {
        "car_model_name": "SCALA",
        "car_company": 11
      }
    },
    {
      "model": "cars.carmodel",
      "pk": 51,
      "fields": {
        "car_model_name": "FABIA",
        "car_company": 12
      }
    },
    {
      "model": "cars.carmodel",
      "pk": 52,
      "fields": {
        "car_model_name": "SUPERB",
        "car_company": 12
      }
    },
    {
      "model": "cars.carmodel",
      "pk": 53,
      "fields": {
        "car_model_name": "RAPID",
        "car_company": 12
      }
    },
    {
      "model": "cars.carmodel",
      "pk": 54,
      "fields": {
        "car_model_name": "ALTROZ",
        "car_company": 13
      }
    },
    {
      "model": "cars.carmodel",
      "pk": 55,
      "fields": {
        "car_model_name": "SAFARI",
        "car_company": 13
      }
    },
    {
      "model": "cars.carmodel",
      "pk": 56,
      "fields": {
        "car_model_name": "MANZA",
        "car_company": 13
      }
    },
    {
      "model": "cars.carmodel",
      "pk": 57,
      "fields": {
        "car_model_name": "SUMO",
        "car_company": 13
      }
    },
    {
      "model": "cars.carmodel",
      "pk": 58,
      "fields": {
        "car_model_name": "NANO",
        "car_company": 13
      }
    },
    {
      "model": "cars.carmodel",
      "pk": 59,
      "fields": {
        "car_model_name": "INDICA V2",
        "car_company": 13
      }
    },
    {
      "model": "cars.carmodel",
      "pk": 60,
      "fields": {
        "car_model_name": "ETIOS",
        "car_company": 14
      }
    },
    {
      "model": "cars.carmodel",
      "pk": 61,
      "fields": {
        "car_model_name": "FORTUNER",
        "car_company": 14
      }
    },
    {
      "model": "cars.carmodel",
      "pk": 62,
      "fields": {
        "car_model_name": "INNOVA",
        "car_company": 14
      }
    },
    {
      "model": "cars.carmodel",
      "pk": 63,
      "fields": {
        "car_model_name": "JETTA",
        "car_company": 15
      }
    },
    {
      "model": "cars.carmodel",
      "pk": 64,
      "fields": {
        "car_model_name": "POLO",
        "car_company": 15
      }
    },
    {
      "model": "cars.carmodel",
      "pk": 65,
      "fields": {
        "car_model_name": "VENTO",
        "car_company": 15
      }
    },
    {
      "model": "cars.carvarient",
      "pk": 51,
      "fields": {
        "car_model": 61,
        "Varient_name": "Sit fuga vitae beatae expl"
      }
    },
    {
      "model": "cars.carvarient",
      "pk": 52,
      "fields": {
        "car_model": 10,
        "Varient_name": "Corrupti saepe voluptate nesciunt eli"
      }
    },
    {
      "model": "cars.carvarient",
      "pk": 53,
      "fields": {
        "car_model": 59,
        "Varient_name": "Dolorib"
      }
    },
    {
      "model": "cars.carvarient",
      "pk": 54,
      "fields": {
        "car_model": 47,
        "Varient_name": "Exercitationem libero assumenda error? Reiciendis"
      }
    },
    {
      "model": "cars.carvarient",
      "pk": 55,
      "fields": {
        "car_model": 16,
        "Varient_name": "Temporibus iusto consequatur architec"
      }
    },
    {
      "model": "cars.carvarient",
      "pk": 56,
      "fields": {
        "car_model": 11,
        "Varient_name": "Sapiente quas incidunt ratione dignissimos i"
      }
    },
    {
      "model": "cars.carvarient",
      "pk": 57,
      "fields": {
        "car_model": 57,
        "Varient_name": "Vel conse"
      }
    },
    {
      "model": "cars.carvarient",
      "pk": 58,
      "fields": {
        "car_model": 62,
        "Varient_name": "Dolorem veritatis rem quod dict"
      }
    },
    {
      "model": "cars.carvarient",
      "pk": 59,
      "fields": {
        "car_model": 43,
        "Varient_name": "Ipsum eos voluptas dol"
      }
    },
    {
      "model": "cars.carvarient",
      "pk": 60,
      "fields": {
        "car_model": 50,
        "Varient_name": "Eos molestias officia nemo esse del"
      }
    },
    {
      "model": "cars.carvarient",
      "pk": 61,
      "fields": {
        "car_model": 37,
        "Varient_name": "Atque laborum omnis"
      }
    },
    {
      "model": "cars.carvarient",
      "pk": 62,
      "fields": {
        "car_model": 48,
        "Varient_name": "Rerum dolorem e"
      }
    },
    {
      "model": "cars.carvarient",
      "pk": 63,
      "fields": {
        "car_model": 27,
        "Varient_name": "Animi magnam incid"
      }
    },
    {
      "model": "cars.carvarient",
      "pk": 64,
      "fields": {
        "car_model": 34,
        "Varient_name": "Commodi iste aliquid quibusdam"
      }
    },
    {
      "model": "cars.carvarient",
      "pk": 65,
      "fields": {
        "car_model": 56,
        "Varient_name": "Incidunt est blanditiis ipsa maior"
      }
    },
    {
      "model": "cars.carvarient",
      "pk": 66,
      "fields": {
        "car_model": 29,
        "Varient_name": "Dolorem tenetur necessitatibus iste voluptatem im"
      }
    },
    {
      "model": "cars.carvarient",
      "pk": 67,
      "fields": {
        "car_model": 36,
        "Varient_name": "Natus sequi incidunt quisquam illum dolore e"
      }
    },
    {
      "model": "cars.carvarient",
      "pk": 68,
      "fields": {
        "car_model": 23,
        "Varient_name": "Possimus libero nisi"
      }
    },
    {
      "model": "cars.carvarient",
      "pk": 69,
      "fields": {
        "car_model": 26,
        "Varient_name": "Quidem su"
      }
    },
    {
      "model": "cars.carvarient",
      "pk": 70,
      "fields": {
        "car_model": 36,
        "Varient_name": "Nesciunt soluta d"
      }
    },
    {
      "model": "cars.carvarient",
      "pk": 71,
      "fields": {
        "car_model": 53,
        "Varient_name": "Magni repellat odit nobis nemo"
      }
    },
    {
      "model": "cars.carvarient",
      "pk": 72,
      "fields": {
        "car_model": 50,
        "Varient_name": "Explicabo cumque a, sunt fugiat dignissimos har"
      }
    },
    {
      "model": "cars.carvarient",
      "pk": 73,
      "fields": {
        "car_model": 23,
        "Varient_name": "Laboriosam nisi vo"
      }
    },
    {
      "model": "cars.carvarient",
      "pk": 74,
      "fields": {
        "car_model": 20,
        "Varient_name": "Quae ad esse cumque sit numquam perspiciatis di"
      }
    },
    {
      "model": "cars.carvarient",
      "pk": 75,
      "fields": {
        "car_model": 31,
        "Varient_name": "Temporibus cupiditate cum q"
      }
    },
    {
      "model": "cars.carvarient",
      "pk": 76,
      "fields": {
        "car_model": 45,
        "Varient_name": "Eveniet aliquam cumque, nesc"
      }
    },
    {
      "model": "cars.carvarient",
      "pk": 77,
      "fields": {
        "car_model": 8,
        "Varient_name": "Unde"
      }
    },
    {
      "model": "cars.carvarient",
      "pk": 78,
      "fields": {
        "car_model": 33,
        "Varient_name": "Praesentium amet ad exe"
      }
    },
    {
      "model": "cars.carvarient",
      "pk": 79,
      "fields": {
        "car_model": 6,
        "Varient_name": "Velit consequatur fugit es"
      }
    },
    {
      "model": "cars.carvarient",
      "pk": 80,
      "fields": {
        "car_model": 8,
        "Varient_name": "Delectus itaqu"
      }
    },
    {
      "model": "cars.carvarient",
      "pk": 81,
      "fields": {
        "car_model": 45,
        "Varient_name": "Perspiciatis ipsa consectetur,"
      }
    },
    {
      "model": "cars.carvarient",
      "pk": 82,
      "fields": {
        "car_model": 64,
        "Varient_name": "Earum"
      }
    },
    {
      "model": "cars.carvarient",
      "pk": 83,
      "fields": {
        "car_model": 64,
        "Varient_name": "Velit voluptates ea arc"
      }
    },
    {
      "model": "cars.carvarient",
      "pk": 84,
      "fields": {
        "car_model": 61,
        "Varient_name": "Cum temporibus"
      }
    },
    {
      "model": "cars.carvarient",
      "pk": 85,
      "fields": {
        "car_model": 25,
        "Varient_name": "Vitae cu"
      }
    },
    {
      "model": "cars.carvarient",
      "pk": 86,
      "fields": {
        "car_model": 46,
        "Varient_name": "Ea soluta sequi maxime liber"
      }
    },
    {
      "model": "cars.carvarient",
      "pk": 87,
      "fields": {
        "car_model": 43,
        "Varient_name": "Itaque quae a quis mi"
      }
    },
    {
      "model": "cars.carvarient",
      "pk": 88,
      "fields": {
        "car_model": 38,
        "Varient_name": "Magni facer"
      }
    },
    {
      "model": "cars.carvarient",
      "pk": 89,
      "fields": {
        "car_model": 10,
        "Varient_name": "Laudantium odit consequatur"
      }
    },
    {
      "model": "cars.carvarient",
      "pk": 90,
      "fields": {
        "car_model": 5,
        "Varient_name": "Suscipit eveniet facere explicabo vitae la"
      }
    },
    {
      "model": "cars.carvarient",
      "pk": 91,
      "fields": {
        "car_model": 39,
        "Varient_name": "Perferendis vitae repellendus a"
      }
    },
    {
      "model": "cars.carvarient",
      "pk": 92,
      "fields": {
        "car_model": 35,
        "Varient_name": "Qui illum necessitatibus, a accusa"
      }
    },
    {
      "model": "cars.carvarient",
      "pk": 93,
      "fields": {
        "car_model": 36,
        "Varient_name": "Modi animi laborum ex"
      }
    },
    {
      "model": "cars.carvarient",
      "pk": 94,
      "fields": {
        "car_model": 20,
        "Varient_name": "Laboriosam fugit quasi excepturi sed dignis"
      }
    },
    {
      "model": "cars.carvarient",
      "pk": 95,
      "fields": {
        "car_model": 18,
        "Varient_name": "Consequatur cons"
      }
    },
    {
      "model": "cars.carvarient",
      "pk": 96,
      "fields": {
        "car_model": 5,
        "Varient_name": "Incidunt accusantium recusandae"
      }
    },
    {
      "model": "cars.carvarient",
      "pk": 97,
      "fields": {
        "car_model": 65,
        "Varient_name": "Odio cum sapiente"
      }
    },
    {
      "model": "cars.carvarient",
      "pk": 98,
      "fields": {
        "car_model": 55,
        "Varient_name": "Ullam alias eligendi autem aperiam repe"
      }
    },
    {
      "model": "cars.carvarient",
      "pk": 99,
      "fields": {
        "car_model": 49,
        "Varient_name": "Ullam harum neque laudantium magni a"
      }
    },
    {
      "model": "cars.carvarient",
      "pk": 100,
      "fields": {
        "car_model": 38,
        "Varient_name": "Cumque reiciend"
      }
    },
    {
      "model": "cars.carvarient",
      "pk": 101,
      "fields": {
        "car_model": 20,
        "Varient_name": "Cupiditate accusantium sed hic. Neque soluta moles"
      }
    },
    {
      "model": "cars.carvarient",
      "pk": 102,
      "fields": {
        "car_model": 26,
        "Varient_name": "Quasi iste quod possimus dis"
      }
    },
    {
      "model": "cars.carvarient",
      "pk": 103,
      "fields": {
        "car_model": 22,
        "Varient_name": "Delectus molestia"
      }
    },
    {
      "model": "cars.carvarient",
      "pk": 104,
      "fields": {
        "car_model": 61,
        "Varient_name": "Minus quam consectetur ipsum inventore aperia"
      }
    },
    {
      "model": "cars.carvarient",
      "pk": 105,
      "fields": {
        "car_model": 18,
        "Varient_name": "Ipsum vol"
      }
    },
    {
      "model": "cars.carvarient",
      "pk": 106,
      "fields": {
        "car_model": 45,
        "Varient_name": "Nam mollitia ratione illo"
      }
    },
    {
      "model": "cars.carvarient",
      "pk": 107,
      "fields": {
        "car_model": 14,
        "Varient_name": "Voluptates consectetur iste optio, odio cumque"
      }
    },
    {
      "model": "cars.carvarient",
      "pk": 108,
      "fields": {
        "car_model": 20,
        "Varient_name": "Totam hic qui aperiam quia. Expedi"
      }
    },
    {
      "model": "cars.carvarient",
      "pk": 109,
      "fields": {
        "car_model": 33,
        "Varient_name": "Sint vitae optio facilis provident voluptatum itaq"
      }
    },
    {
      "model": "cars.carvarient",
      "pk": 110,
      "fields": {
        "car_model": 9,
        "Varient_name": "Quisquam animi odit"
      }
    },
    {
      "model": "cars.carvarient",
      "pk": 111,
      "fields": {
        "car_model": 3,
        "Varient_name": "Soluta molestiae fac"
      }
    },
    {
      "model": "cars.carvarient",
      "pk": 112,
      "fields": {
        "car_model": 18,
        "Varient_name": "Iste ducimus magni quam, moles"
      }
    },
    {
      "model": "cars.carvarient",
      "pk": 113,
      "fields": {
        "car_model": 45,
        "Varient_name": "Necessitatibus nisi ad"
      }
    },
    {
      "model": "cars.carvarient",
      "pk": 114,
      "fields": {
        "car_model": 15,
        "Varient_name": "Alias sequi doloribus, sint quos amet nulla"
      }
    },
    {
      "model": "cars.carvarient",
      "pk": 115,
      "fields": {
        "car_model": 21,
        "Varient_name": "Commodi nulla quidem? Amet"
      }
    },
    {
      "model": "cars.carvarient",
      "pk": 116,
      "fields": {
        "car_model": 23,
        "Varient_name": "Mollitia voluptates nam, a unde venia"
      }
    },
    {
      "model": "cars.carvarient",
      "pk": 117,
      "fields": {
        "car_model": 65,
        "Varient_name": "Ducimus repellat architecto totam, libe"
      }
    },
    {
      "model": "cars.carvarient",
      "pk": 118,
      "fields": {
        "car_model": 32,
        "Varient_name": "Atque amet commodi e"
      }
    },
    {
      "model": "cars.carvarient",
      "pk": 119,
      "fields": {
        "car_model": 60,
        "Varient_name": "Ipsum eaque cumque itaque laboriosam earum volupta"
      }
    },
    {
      "model": "cars.carvarient",
      "pk": 120,
      "fields": {
        "car_model": 33,
        "Varient_name": "Ipsa rerum facilis d"
      }
    },
    {
      "model": "cars.carvarient",
      "pk": 121,
      "fields": {
        "car_model": 56,
        "Varient_name": "Obcaecati eius blanditiis consequuntur ill"
      }
    },
    {
      "model": "cars.carvarient",
      "pk": 122,
      "fields": {
        "car_model": 2,
        "Varient_name": "Odio obcaec"
      }
    },
    {
      "model": "cars.carvarient",
      "pk": 123,
      "fields": {
        "car_model": 56,
        "Varient_name": "Voluptas iusto eos ne"
      }
    },
    {
      "model": "cars.carvarient",
      "pk": 124,
      "fields": {
        "car_model": 51,
        "Varient_name": "Esse obcaecati ex, exercitationem mo"
      }
    },
    {
      "model": "cars.carvarient",
      "pk": 125,
      "fields": {
        "car_model": 4,
        "Varient_name": "Harum ipsa voluptatibus recusandae arch"
      }
    },
    {
      "model": "cars.carvarient",
      "pk": 126,
      "fields": {
        "car_model": 41,
        "Varient_name": "Totam"
      }
    },
    {
      "model": "cars.carvarient",
      "pk": 127,
      "fields": {
        "car_model": 25,
        "Varient_name": "Voluptas fuga eveniet ut tempore dignissimos aute"
      }
    },
    {
      "model": "cars.carvarient",
      "pk": 128,
      "fields": {
        "car_model": 2,
        "Varient_name": "Porro veritatis na"
      }
    },
    {
      "model": "cars.carvarient",
      "pk": 129,
      "fields": {
        "car_model": 41,
        "Varient_name": "Vitae ipsa eius ratione alias o"
      }
    },
    {
      "model": "cars.carvarient",
      "pk": 130,
      "fields": {
        "car_model": 52,
        "Varient_name": "Fugit culpa nesciu"
      }
    },
    {
      "model": "cars.carvarient",
      "pk": 131,
      "fields": {
        "car_model": 23,
        "Varient_name": "Architecto repellendus fug"
      }
    },
    {
      "model": "cars.carvarient",
      "pk": 132,
      "fields": {
        "car_model": 55,
        "Varient_name": "Vel sit rerum molestias quibusdam ducimus,"
      }
    },
    {
      "model": "cars.carvarient",
      "pk": 133,
      "fields": {
        "car_model": 3,
        "Varient_name": "Ipsam excepturi at"
      }
    },
    {
      "model": "cars.carvarient",
      "pk": 134,
      "fields": {
        "car_model": 27,
        "Varient_name": "Reiciendis ex"
      }
    },
    {
      "model": "cars.carvarient",
      "pk": 135,
      "fields": {
        "car_model": 6,
        "Varient_name": "Nam porro non alias recusandae error vo"
      }
    },
    {
      "model": "cars.carvarient",
      "pk": 136,
      "fields": {
        "car_model": 30,
        "Varient_name": "Culpa deserunt c"
      }
    },
    {
      "model": "cars.carvarient",
      "pk": 137,
      "fields": {
        "car_model": 61,
        "Varient_name": "Debitis minima id praesentium tempore m"
      }
    },
    {
      "model": "cars.carvarient",
      "pk": 138,
      "fields": {
        "car_model": 49,
        "Varient_name": "Numquam sit nisi ex cum optio offi"
      }
    },
    {
      "model": "cars.carvarient",
      "pk": 139,
      "fields": {
        "car_model": 12,
        "Varient_name": "Repudiandae sed similiq"
      }
    },
    {
      "model": "cars.carvarient",
      "pk": 140,
      "fields": {
        "car_model": 62,
        "Varient_name": "Ut repellendus liber"
      }
    },
    {
      "model": "cars.carvarient",
      "pk": 141,
      "fields": {
        "car_model": 40,
        "Varient_name": "Consec"
      }
    },
    {
      "model": "cars.carvarient",
      "pk": 142,
      "fields": {
        "car_model": 17,
        "Varient_name": "Harum facilis nemo dignissimos, neque"
      }
    },
    {
      "model": "cars.carvarient",
      "pk": 143,
      "fields": {
        "car_model": 48,
        "Varient_name": "Id mollitia minus elig"
      }
    },
    {
      "model": "cars.carvarient",
      "pk": 144,
      "fields": {
        "car_model": 14,
        "Varient_name": "Accusantium dolorem c"
      }
    },
    {
      "model": "cars.carvarient",
      "pk": 145,
      "fields": {
        "car_model": 32,
        "Varient_name": "Laudantiu"
      }
    },
    {
      "model": "cars.carvarient",
      "pk": 146,
      "fields": {
        "car_model": 43,
        "Varient_name": "Vero quibusdam tenetur"
      }
    },
    {
      "model": "cars.carvarient",
      "pk": 147,
      "fields": {
        "car_model": 36,
        "Varient_name": "Vel esse eum alias autem sapiente ipsum d"
      }
    },
    {
      "model": "cars.carvarient",
      "pk": 148,
      "fields": {
        "car_model": 18,
        "Varient_name": "Sapiente optio facere non quam, hic co"
      }
    },
    {
      "model": "cars.carvarient",
      "pk": 149,
      "fields": {
        "car_model": 51,
        "Varient_name": "Veniam ullam earum impedit"
      }
    },
    {
      "model": "cars.carvarient",
      "pk": 150,
      "fields": {
        "car_model": 61,
        "Varient_name": "At tempore deleniti ad omnis eius totam molestia"
      }
    },
    {
      "model": "cars.carvarient",
      "pk": 151,
      "fields": {
        "car_model": 65,
        "Varient_name": "Fuga quibusdam aperiam obcaecati tenetur"
      }
    },
    {
      "model": "cars.carvarient",
      "pk": 152,
      "fields": {
        "car_model": 12,
        "Varient_name": "Quaerat nostrum porro delenit"
      }
    },
    {
      "model": "cars.carvarient",
      "pk": 153,
      "fields": {
        "car_model": 34,
        "Varient_name": "Beatae accusantium laborum nemo ipsa ve"
      }
    },
    {
      "model": "cars.carvarient",
      "pk": 154,
      "fields": {
        "car_model": 46,
        "Varient_name": "Quibusdam repellen"
      }
    },
    {
      "model": "cars.carvarient",
      "pk": 155,
      "fields": {
        "car_model": 11,
        "Varient_name": "Rem pariatur molest"
      }
    },
    {
      "model": "cars.carvarient",
      "pk": 156,
      "fields": {
        "car_model": 50,
        "Varient_name": "Vel odio evenie"
      }
    },
    {
      "model": "cars.carvarient",
      "pk": 157,
      "fields": {
        "car_model": 50,
        "Varient_name": "Vel incidunt amet veritatis expe"
      }
    },
    {
      "model": "cars.carvarient",
      "pk": 158,
      "fields": {
        "car_model": 36,
        "Varient_name": "Ducimus sequi quibusdam"
      }
    },
    {
      "model": "cars.carvarient",
      "pk": 159,
      "fields": {
        "car_model": 22,
        "Varient_name": "Quaerat perferendis error nostrum sit omnis praese"
      }
    },
    {
      "model": "cars.carvarient",
      "pk": 160,
      "fields": {
        "car_model": 57,
        "Varient_name": "Praesentium voluptatem deleniti beatae"
      }
    },
    {
      "model": "cars.carvarient",
      "pk": 161,
      "fields": {
        "car_model": 2,
        "Varient_name": "Delectus pariatur dicta tempo"
      }
    },
    {
      "model": "cars.carvarient",
      "pk": 162,
      "fields": {
        "car_model": 50,
        "Varient_name": "Aperiam r"
      }
    },
    {
      "model": "cars.carvarient",
      "pk": 163,
      "fields": {
        "car_model": 52,
        "Varient_name": "Consectetur similique eligendi, est p"
      }
    },
    {
      "model": "cars.carvarient",
      "pk": 164,
      "fields": {
        "car_model": 63,
        "Varient_name": "Commodi quos magni accusantium reiciendis, quas"
      }
    },
    {
      "model": "cars.carvarient",
      "pk": 165,
      "fields": {
        "car_model": 37,
        "Varient_name": "Doloribus"
      }
    },
    {
      "model": "cars.carvarient",
      "pk": 166,
      "fields": {
        "car_model": 34,
        "Varient_name": "Magni animi beatae nostrum earum adip"
      }
    },
    {
      "model": "cars.carvarient",
      "pk": 167,
      "fields": {
        "car_model": 49,
        "Varient_name": "Sunt ipsam omnis nulla est tempor"
      }
    },
    {
      "model": "cars.carvarient",
      "pk": 168,
      "fields": {
        "car_model": 56,
        "Varient_name": "Tempore hic fugiat velit, aspernatu"
      }
    },
    {
      "model": "cars.carvarient",
      "pk": 169,
      "fields": {
        "car_model": 38,
        "Varient_name": "Voluptatem ab e"
      }
    },
    {
      "model": "cars.carvarient",
      "pk": 170,
      "fields": {
        "car_model": 51,
        "Varient_name": "Sit magnam corrupti, ad consectetur a"
      }
    },
    {
      "model": "cars.carvarient",
      "pk": 171,
      "fields": {
        "car_model": 40,
        "Varient_name": "Odio soluta quod ad"
      }
    },
    {
      "model": "cars.carvarient",
      "pk": 172,
      "fields": {
        "car_model": 22,
        "Varient_name": "Nemo esse"
      }
    },
    {
      "model": "cars.carvarient",
      "pk": 173,
      "fields": {
        "car_model": 51,
        "Varient_name": "Natus eos rerum sit amet? Sapiente facili"
      }
    },
    {
      "model": "cars.carvarient",
      "pk": 174,
      "fields": {
        "car_model": 20,
        "Varient_name": "Iure rati"
      }
    },
    {
      "model": "cars.carvarient",
      "pk": 175,
      "fields": {
        "car_model": 46,
        "Varient_name": "Et magnam ab error aliquid, explicabo ipsum iste"
      }
    },
    {
      "model": "cars.carvarient",
      "pk": 176,
      "fields": {
        "car_model": 56,
        "Varient_name": "Fuga maxime iure itaque harum, op"
      }
    },
    {
      "model": "cars.carvarient",
      "pk": 177,
      "fields": {
        "car_model": 55,
        "Varient_name": "Voluptatem nostrum laudantium nobis vitae deseru"
      }
    },
    {
      "model": "cars.carvarient",
      "pk": 178,
      "fields": {
        "car_model": 39,
        "Varient_name": "Quibusdam magnam natus recusandae sit"
      }
    },
    {
      "model": "cars.carvarient",
      "pk": 179,
      "fields": {
        "car_model": 32,
        "Varient_name": "Nihil exercitationem consequu"
      }
    },
    {
      "model": "cars.carvarient",
      "pk": 180,
      "fields": {
        "car_model": 65,
        "Varient_name": "Repellendus laudantium ab, molestias quae"
      }
    },
    {
      "model": "cars.carvarient",
      "pk": 181,
      "fields": {
        "car_model": 30,
        "Varient_name": "Quisquam pariatur harum ul"
      }
    },
    {
      "model": "cars.carvarient",
      "pk": 182,
      "fields": {
        "car_model": 11,
        "Varient_name": "Tempora"
      }
    },
    {
      "model": "cars.carvarient",
      "pk": 183,
      "fields": {
        "car_model": 38,
        "Varient_name": "Soluta corrupti pariatur illo nostrum itaque mol"
      }
    },
    {
      "model": "cars.carvarient",
      "pk": 184,
      "fields": {
        "car_model": 58,
        "Varient_name": "Praesenti"
      }
    },
    {
      "model": "cars.carvarient",
      "pk": 185,
      "fields": {
        "car_model": 53,
        "Varient_name": "Ab dolor iusto. Hic asperiores eveniet"
      }
    },
    {
      "model": "cars.carvarient",
      "pk": 186,
      "fields": {
        "car_model": 19,
        "Varient_name": "Voluptas"
      }
    },
    {
      "model": "cars.carvarient",
      "pk": 187,
      "fields": {
        "car_model": 63,
        "Varient_name": "Ea hic asperiores"
      }
    },
    {
      "model": "cars.carvarient",
      "pk": 188,
      "fields": {
        "car_model": 46,
        "Varient_name": "Esse recusandae praesentium voluptat"
      }
    },
    {
      "model": "cars.carvarient",
      "pk": 189,
      "fields": {
        "car_model": 32,
        "Varient_name": "Hic nihil esse facere dolo"
      }
    },
    {
      "model": "cars.carvarient",
      "pk": 190,
      "fields": {
        "car_model": 33,
        "Varient_name": "Nobis sed labore"
      }
    },
    {
      "model": "cars.carvarient",
      "pk": 191,
      "fields": {
        "car_model": 45,
        "Varient_name": "Odit quibusdam quidem optio,"
      }
    },
    {
      "model": "cars.carvarient",
      "pk": 192,
      "fields": {
        "car_model": 15,
        "Varient_name": "Laborum rerum libero"
      }
    },
    {
      "model": "cars.carvarient",
      "pk": 193,
      "fields": {
        "car_model": 23,
        "Varient_name": "Autem obcaeca"
      }
    },
    {
      "model": "cars.carvarient",
      "pk": 194,
      "fields": {
        "car_model": 7,
        "Varient_name": "Repudiandae facilis saepe q"
      }
    },
    {
      "model": "cars.carvarient",
      "pk": 195,
      "fields": {
        "car_model": 8,
        "Varient_name": "Qui est quae voluptas voluptate"
      }
    },
    {
      "model": "cars.carvarient",
      "pk": 196,
      "fields": {
        "car_model": 41,
        "Varient_name": "Praesentium"
      }
    },
    {
      "model": "cars.carvarient",
      "pk": 197,
      "fields": {
        "car_model": 31,
        "Varient_name": "Aut odio fugiat quisquam rem nesciu"
      }
    },
    {
      "model": "cars.carvarient",
      "pk": 198,
      "fields": {
        "car_model": 46,
        "Varient_name": "Expedita corrupti"
      }
    },
    {
      "model": "cars.carvarient",
      "pk": 199,
      "fields": {
        "car_model": 52,
        "Varient_name": "Facilis veritatis iure cumque delectus n"
      }
    },
    {
      "model": "cars.carvarient",
      "pk": 200,
      "fields": {
        "car_model": 11,
        "Varient_name": "Earum adipisci ipsam cum, harum tenetur minus fug"
      }
    },
    {
      "model": "cars.carvarient",
      "pk": 201,
      "fields": {
        "car_model": 39,
        "Varient_name": "Vero officia suscipit quas"
      }
    },
    {
      "model": "cars.carvarient",
      "pk": 202,
      "fields": {
        "car_model": 63,
        "Varient_name": "Vero pariatur"
      }
    },
    {
      "model": "cars.carvarient",
      "pk": 203,
      "fields": {
        "car_model": 47,
        "Varient_name": "Quo quisquam rerum exercit"
      }
    },
    {
      "model": "cars.carvarient",
      "pk": 204,
      "fields": {
        "car_model": 41,
        "Varient_name": "Magni ducimus harum perspiciatis ni"
      }
    },
    {
      "model": "cars.carvarient",
      "pk": 205,
      "fields": {
        "car_model": 63,
        "Varient_name": "Repellat quasi conse"
      }
    },
    {
      "model": "cars.carvarient",
      "pk": 206,
      "fields": {
        "car_model": 41,
        "Varient_name": "Quisquam eum quos labor"
      }
    },
    {
      "model": "cars.carvarient",
      "pk": 207,
      "fields": {
        "car_model": 57,
        "Varient_name": "Voluptate omnis nesciunt ullam in si"
      }
    },
    {
      "model": "cars.carvarient",
      "pk": 208,
      "fields": {
        "car_model": 35,
        "Varient_name": "Dolore ver"
      }
    },
    {
      "model": "cars.carvarient",
      "pk": 209,
      "fields": {
        "car_model": 24,
        "Varient_name": "Sapiente nihil aut lauda"
      }
    },
    {
      "model": "cars.carvarient",
      "pk": 210,
      "fields": {
        "car_model": 57,
        "Varient_name": "Neque velit numquam doloremque placeat archi"
      }
    },
    {
      "model": "cars.carvarient",
      "pk": 211,
      "fields": {
        "car_model": 16,
        "Varient_name": "Voluptatum consequatur aliquam nequ"
      }
    },
    {
      "model": "cars.carvarient",
      "pk": 212,
      "fields": {
        "car_model": 55,
        "Varient_name": "Eveniet cor"
      }
    },
    {
      "model": "cars.carvarient",
      "pk": 213,
      "fields": {
        "car_model": 23,
        "Varient_name": "Minim"
      }
    },
    {
      "model": "cars.carvarient",
      "pk": 214,
      "fields": {
        "car_model": 15,
        "Varient_name": "Tempo"
      }
    },
    {
      "model": "cars.carvarient",
      "pk": 215,
      "fields": {
        "car_model": 60,
        "Varient_name": "Molestias voluptas soluta"
      }
    },
    {
      "model": "cars.carvarient",
      "pk": 216,
      "fields": {
        "car_model": 8,
        "Varient_name": "Sed ab odio praesentium quisquam ve"
      }
    },
    {
      "model": "cars.carvarient",
      "pk": 217,
      "fields": {
        "car_model": 9,
        "Varient_name": "Quo aliquam quod dig"
      }
    },
    {
      "model": "cars.carvarient",
      "pk": 218,
      "fields": {
        "car_model": 37,
        "Varient_name": "Perferendis laboriosam provi"
      }
    },
    {
      "model": "cars.carvarient",
      "pk": 219,
      "fields": {
        "car_model": 44,
        "Varient_name": "Molestias nobis asperior"
      }
    },
    {
      "model": "cars.carvarient",
      "pk": 220,
      "fields": {
        "car_model": 53,
        "Varient_name": "Necessitatibus enim a. Sed quae nihil di"
      }
    },
    {
      "model": "cars.carvarient",
      "pk": 221,
      "fields": {
        "car_model": 53,
        "Varient_name": "Est consequatur accusantium iure porr"
      }
    },
    {
      "model": "cars.carvarient",
      "pk": 222,
      "fields": {
        "car_model": 5,
        "Varient_name": "Hic odi"
      }
    },
    {
      "model": "cars.carvarient",
      "pk": 223,
      "fields": {
        "car_model": 5,
        "Varient_name": "In quae id rem assumenda iste facer"
      }
    },
    {
      "model": "cars.carvarient",
      "pk": 224,
      "fields": {
        "car_model": 52,
        "Varient_name": "Quia enim mol"
      }
    },
    {
      "model": "cars.carvarient",
      "pk": 225,
      "fields": {
        "car_model": 58,
        "Varient_name": "Rem c"
      }
    },
    {
      "model": "cars.carvarient",
      "pk": 226,
      "fields": {
        "car_model": 47,
        "Varient_name": "Eligendi neque quam vol"
      }
    },
    {
      "model": "cars.carvarient",
      "pk": 227,
      "fields": {
        "car_model": 17,
        "Varient_name": "Reprehenderit magn"
      }
    },
    {
      "model": "cars.carvarient",
      "pk": 228,
      "fields": {
        "car_model": 11,
        "Varient_name": "Aliquam molestias facilis, digniss"
      }
    },
    {
      "model": "cars.carvarient",
      "pk": 229,
      "fields": {
        "car_model": 61,
        "Varient_name": "Expedita obcaecati aliquam molestiae conseq"
      }
    },
    {
      "model": "cars.carvarient",
      "pk": 230,
      "fields": {
        "car_model": 11,
        "Varient_name": "Ipsum eaque accusamus officia"
      }
    },
    {
      "model": "cars.carvarient",
      "pk": 231,
      "fields": {
        "car_model": 5,
        "Varient_name": "Suscipit nemo non tempora. A"
      }
    },
    {
      "model": "cars.carvarient",
      "pk": 232,
      "fields": {
        "car_model": 4,
        "Varient_name": "Rerum error corrupti quisquam velit"
      }
    },
    {
      "model": "cars.carvarient",
      "pk": 233,
      "fields": {
        "car_model": 5,
        "Varient_name": "At quae porro provi"
      }
    },
    {
      "model": "cars.carvarient",
      "pk": 234,
      "fields": {
        "car_model": 18,
        "Varient_name": "Odit dicta asperiores dolo"
      }
    },
    {
      "model": "cars.carvarient",
      "pk": 235,
      "fields": {
        "car_model": 44,
        "Varient_name": "Sunt quas"
      }
    },
    {
      "model": "cars.carvarient",
      "pk": 236,
      "fields": {
        "car_model": 45,
        "Varient_name": "Tenetur odit rem quas, minus d"
      }
    },
    {
      "model": "cars.carvarient",
      "pk": 237,
      "fields": {
        "car_model": 37,
        "Varient_name": "Delectus sed nobis accusamus maiores voluptatem"
      }
    },
    {
      "model": "cars.carvarient",
      "pk": 238,
      "fields": {
        "car_model": 13,
        "Varient_name": "Pariatur ducimus facere sequ"
      }
    },
    {
      "model": "cars.carvarient",
      "pk": 239,
      "fields": {
        "car_model": 44,
        "Varient_name": "Quaerat sequi accusant"
      }
    },
    {
      "model": "cars.carvarient",
      "pk": 240,
      "fields": {
        "car_model": 22,
        "Varient_name": "Assumenda officiis deleniti nostrum repellen"
      }
    },
    {
      "model": "cars.carvarient",
      "pk": 241,
      "fields": {
        "car_model": 28,
        "Varient_name": "Architecto delectus nostrum"
      }
    },
    {
      "model": "cars.carvarient",
      "pk": 242,
      "fields": {
        "car_model": 43,
        "Varient_name": "Quisquam modi molestias cum aliquid sapi"
      }
    },
    {
      "model": "cars.carvarient",
      "pk": 243,
      "fields": {
        "car_model": 62,
        "Varient_name": "Similique maiores voluptas sed beatae ess"
      }
    },
    {
      "model": "cars.carvarient",
      "pk": 244,
      "fields": {
        "car_model": 63,
        "Varient_name": "Maiores exercitationem optio veritatis nam"
      }
    },
    {
      "model": "cars.carvarient",
      "pk": 245,
      "fields": {
        "car_model": 33,
        "Varient_name": "Quaerat vero rem repudiandae a"
      }
    },
    {
      "model": "cars.carvarient",
      "pk": 246,
      "fields": {
        "car_model": 29,
        "Varient_name": "Inventore iusto non quas earum repellen"
      }
    },
    {
      "model": "cars.carvarient",
      "pk": 247,
      "fields": {
        "car_model": 58,
        "Varient_name": "Quo nostrum sunt placeat e"
      }
    },
    {
      "model": "cars.carvarient",
      "pk": 248,
      "fields": {
        "car_model": 20,
        "Varient_name": "Quas amet"
      }
    },
    {
      "model": "cars.carvarient",
      "pk": 249,
      "fields": {
        "car_model": 6,
        "Varient_name": "Doloribus quasi nobis molestias modi pa"
      }
    },
    {
      "model": "cars.carvarient",
      "pk": 250,
      "fields": {
        "car_model": 54,
        "Varient_name": "Ipsa aspernatur officiis al"
      }
    },
    {
      "model": "cars.carvarient",
      "pk": 251,
      "fields": {
        "car_model": 64,
        "Varient_name": "Eos reprehenderi"
      }
    },
    {
      "model": "cars.carvarient",
      "pk": 252,
      "fields": {
        "car_model": 56,
        "Varient_name": "Labore fugiat ex vol"
      }
    },
    {
      "model": "cars.carvarient",
      "pk": 253,
      "fields": {
        "car_model": 24,
        "Varient_name": "Totam dolor exercitationem sequi suscipit aliqua"
      }
    },
    {
      "model": "cars.carvarient",
      "pk": 254,
      "fields": {
        "car_model": 25,
        "Varient_name": "Itaque eius neque, cum neque explicabo e"
      }
    },
    {
      "model": "cars.carvarient",
      "pk": 255,
      "fields": {
        "car_model": 44,
        "Varient_name": "Numquam amet eum exercitationem corporis ex"
      }
    },
    {
      "model": "cars.carvarient",
      "pk": 256,
      "fields": {
        "car_model": 35,
        "Varient_name": "Ratione corrupti molestiae perferendis ipsum"
      }
    },
    {
      "model": "cars.carvarient",
      "pk": 257,
      "fields": {
        "car_model": 12,
        "Varient_name": "Aperiam accusamus iusto perspiciatis max"
      }
    },
    {
      "model": "cars.carvarient",
      "pk": 258,
      "fields": {
        "car_model": 63,
        "Varient_name": "Beatae numqua"
      }
    },
    {
      "model": "cars.carvarient",
      "pk": 259,
      "fields": {
        "car_model": 41,
        "Varient_name": "Delectus repellat cupiditate sequi explicabo accus"
      }
    },
    {
      "model": "cars.carvarient",
      "pk": 260,
      "fields": {
        "car_model": 8,
        "Varient_name": "Cumque ullam incidunt doloribus ali"
      }
    },
    {
      "model": "cars.carvarient",
      "pk": 261,
      "fields": {
        "car_model": 34,
        "Varient_name": "Ad nostrum optio, nisi si"
      }
    },
    {
      "model": "cars.carvarient",
      "pk": 262,
      "fields": {
        "car_model": 40,
        "Varient_name": "Repudiandae delectus excepturi ab f"
      }
    },
    {
      "model": "cars.carvarient",
      "pk": 263,
      "fields": {
        "car_model": 48,
        "Varient_name": "Ex molestias libero v"
      }
    },
    {
      "model": "cars.carvarient",
      "pk": 264,
      "fields": {
        "car_model": 65,
        "Varient_name": "Expedita unde libero"
      }
    },
    {
      "model": "cars.carvarient",
      "pk": 265,
      "fields": {
        "car_model": 2,
        "Varient_name": "Ab ea qui. Voluptatem re"
      }
    },
    {
      "model": "cars.carvarient",
      "pk": 266,
      "fields": {
        "car_model": 39,
        "Varient_name": "Voluptate"
      }
    },
    {
      "model": "cars.carvarient",
      "pk": 267,
      "fields": {
        "car_model": 42,
        "Varient_name": "Possimus velit eum, ad"
      }
    },
    {
      "model": "cars.carvarient",
      "pk": 268,
      "fields": {
        "car_model": 35,
        "Varient_name": "Libero maxime necessitatibus recusa"
      }
    },
    {
      "model": "cars.carvarient",
      "pk": 269,
      "fields": {
        "car_model": 54,
        "Varient_name": "Eius voluptatem"
      }
    },
    {
      "model": "cars.carvarient",
      "pk": 270,
      "fields": {
        "car_model": 22,
        "Varient_name": "Minima quis nisi molestias ullam"
      }
    },
    {
      "model": "cars.carvarient",
      "pk": 271,
      "fields": {
        "car_model": 25,
        "Varient_name": "Nisi dignissimos velit ab"
      }
    },
    {
      "model": "cars.carvarient",
      "pk": 272,
      "fields": {
        "car_model": 10,
        "Varient_name": "Laborum ad accusamus delectus voluptate at"
      }
    },
    {
      "model": "cars.carvarient",
      "pk": 273,
      "fields": {
        "car_model": 53,
        "Varient_name": "Quod magnam quos optio pariatur, sequi c"
      }
    },
    {
      "model": "cars.carvarient",
      "pk": 274,
      "fields": {
        "car_model": 64,
        "Varient_name": "At explicabo blanditiis a cumq"
      }
    },
    {
      "model": "cars.carvarient",
      "pk": 275,
      "fields": {
        "car_model": 54,
        "Varient_name": "Sit dolores incid"
      }
    },
    {
      "model": "cars.carvarient",
      "pk": 276,
      "fields": {
        "car_model": 15,
        "Varient_name": "Aut reiciendis nostrum ipsa quaerat quos esse"
      }
    },
    {
      "model": "cars.carvarient",
      "pk": 277,
      "fields": {
        "car_model": 25,
        "Varient_name": "Rerum mo"
      }
    },
    {
      "model": "cars.carvarient",
      "pk": 278,
      "fields": {
        "car_model": 58,
        "Varient_name": "Debitis tempora incidunt obcaecati v"
      }
    },
    {
      "model": "cars.carvarient",
      "pk": 279,
      "fields": {
        "car_model": 36,
        "Varient_name": "Quisquam rem ipsam consequatur accusamus fac"
      }
    },
    {
      "model": "cars.carvarient",
      "pk": 280,
      "fields": {
        "car_model": 5,
        "Varient_name": "Cupiditate libero corporis vol"
      }
    },
    {
      "model": "cars.carvarient",
      "pk": 281,
      "fields": {
        "car_model": 16,
        "Varient_name": "Et velit re"
      }
    },
    {
      "model": "cars.carvarient",
      "pk": 282,
      "fields": {
        "car_model": 49,
        "Varient_name": "Error dol"
      }
    },
    {
      "model": "cars.carvarient",
      "pk": 283,
      "fields": {
        "car_model": 56,
        "Varient_name": "Officiis nihil blanditiis odit molestia"
      }
    },
    {
      "model": "cars.carvarient",
      "pk": 284,
      "fields": {
        "car_model": 9,
        "Varient_name": "Enim necessitatib"
      }
    },
    {
      "model": "cars.carvarient",
      "pk": 285,
      "fields": {
        "car_model": 27,
        "Varient_name": "Necessitatibus fugit tempore doloribus volupta"
      }
    },
    {
      "model": "cars.carvarient",
      "pk": 286,
      "fields": {
        "car_model": 7,
        "Varient_name": "Laudantium vel vero unde tempora"
      }
    },
    {
      "model": "cars.carvarient",
      "pk": 287,
      "fields": {
        "car_model": 57,
        "Varient_name": "Id placea"
      }
    },
    {
      "model": "cars.carvarient",
      "pk": 288,
      "fields": {
        "car_model": 15,
        "Varient_name": "Enim expedita illo fugiat numq"
      }
    },
    {
      "model": "cars.carvarient",
      "pk": 289,
      "fields": {
        "car_model": 4,
        "Varient_name": "Animi blanditiis possimus"
      }
    },
    {
      "model": "cars.carvarient",
      "pk": 290,
      "fields": {
        "car_model": 13,
        "Varient_name": "Cumque animi inventore obcaecati re"
      }
    },
    {
      "model": "cars.carvarient",
      "pk": 291,
      "fields": {
        "car_model": 15,
        "Varient_name": "Error quo quisquam architecto necessit"
      }
    },
    {
      "model": "cars.carvarient",
      "pk": 292,
      "fields": {
        "car_model": 33,
        "Varient_name": "Invent"
      }
    },
    {
      "model": "cars.carvarient",
      "pk": 293,
      "fields": {
        "car_model": 12,
        "Varient_name": "Aspern"
      }
    },
    {
      "model": "cars.carvarient",
      "pk": 294,
      "fields": {
        "car_model": 41,
        "Varient_name": "Culpa fuga pariatur itaque accusam"
      }
    },
    {
      "model": "cars.carvarient",
      "pk": 295,
      "fields": {
        "car_model": 17,
        "Varient_name": "Aperiam voluptatib"
      }
    },
    {
      "model": "cars.carvarient",
      "pk": 296,
      "fields": {
        "car_model": 29,
        "Varient_name": "Eos dolore ducimus m"
      }
    },
    {
      "model": "cars.carvarient",
      "pk": 297,
      "fields": {
        "car_model": 57,
        "Varient_name": "Tempore volupta"
      }
    },
    {
      "model": "cars.carvarient",
      "pk": 298,
      "fields": {
        "car_model": 30,
        "Varient_name": "Sequi dolore illo reprehenderit suscip"
      }
    },
    {
      "model": "cars.carvarient",
      "pk": 299,
      "fields": {
        "car_model": 10,
        "Varient_name": "Ipsa ipsum voluptates modi cor"
      }
    },
    {
      "model": "cars.carvarient",
      "pk": 300,
      "fields": {
        "car_model": 46,
        "Varient_name": "Doloremque iste iure necessitatibu"
      }
    },
    {
      "model": "cars.carinstance",
      "pk": 1,
      "fields": {
        "likestarget_ptr": 1,
        "car_model": 2,
        "car_varient": 128,
        "city": 2,
        "km_driven": 2000,
        "price": 400000,
        "added_by": [
          "abhishek"
        ],
        "image": "media/car-image/bg-01-1600x600_V6Cz9Hm.jpeg",
        "image1": "bg-01-1600x600.jpeg",
        "image2": "bg-01-1600x600_wyBujzn.jpeg",
        "fuel_type": "p",
        "transmission_type": "m",
        "reg_year": "l",
        "created_at": "2021-02-15T05:17:06.951Z",
        "edited": "2021-02-15T07:32:23.459Z",
        "mileage": 0,
        "is_new": false
      }
    },
    {
      "model": "cars.carinstance",
      "pk": 2,
      "fields": {
        "likestarget_ptr": 2,
        "car_model": 2,
        "car_varient": 161,
        "city": 1,
        "km_driven": 400,
        "price": 90000,
        "added_by": [
          "abhishek"
        ],
        "image": "media/car-image/bg-01-1600x600_6PktYTP.jpeg",
        "image1": "",
        "image2": "",
        "fuel_type": "p",
        "transmission_type": "m",
        "reg_year": "k",
        "created_at": "2021-02-15T07:24:58.747Z",
        "edited": "2021-02-15T07:24:58.747Z",
        "mileage": 0,
        "is_new": false
      }
    },
    {
      "model": "cars.carinstance",
      "pk": 3,
      "fields": {
        "likestarget_ptr": 3,
        "car_model": 6,
        "car_varient": 289,
        "city": 3,
        "km_driven": 2000,
        "price": 400000,
        "added_by": [
          "abhi"
        ],
        "image": "media/car-image/bg-01-1600x600_W2Gm1UC.jpeg",
        "image1": "",
        "image2": "",
        "fuel_type": "p",
        "transmission_type": "m",
        "reg_year": "l",
        "created_at": "2021-02-22T10:19:31.199Z",
        "edited": "2021-02-22T10:19:31.199Z",
        "mileage": 20,
        "is_new": false
      }
    },
    {
      "model": "cars.carinstance",
      "pk": 4,
      "fields": {
        "likestarget_ptr": 4,
        "car_model": 8,
        "car_varient": 232,
        "city": 2,
        "km_driven": 4,
        "price": 4,
        "added_by": [
          "cardealer1"
        ],
        "image": "media/car-image/bg-01-1600x600_dVqqH4h.jpeg",
        "image1": "",
        "image2": "",
        "fuel_type": "p",
        "transmission_type": "m",
        "reg_year": "l",
        "created_at": "2021-02-22T10:34:20.005Z",
        "edited": "2021-02-22T10:34:20.005Z",
        "mileage": 26,
        "is_new": true
      }
    },
    {
      "model": "cars.carinstance",
      "pk": 5,
      "fields": {
        "likestarget_ptr": 5,
        "car_model": 15,
        "car_varient": 231,
        "city": 6,
        "km_driven": 200,
        "price": 90000,
        "added_by": [
          "abhi"
        ],
        "image": "media/car-image/bg-01-1600x600_ZmXg1eg.jpeg",
        "image1": "",
        "image2": "",
        "fuel_type": "p",
        "transmission_type": "m",
        "reg_year": "l",
        "created_at": "2021-02-24T06:31:07.190Z",
        "edited": "2021-02-24T06:31:07.190Z",
        "mileage": 2,
        "is_new": false
      }
    },
    {
      "model": "loan.bankprofile",
      "pk": 15,
      "fields": {
        "user": [
          "abcd"
        ],
        "name": ""
      }
    },
    {
      "model": "loan.loaninstance",
      "pk": 6,
      "fields": {
        "carinstance": 1,
        "appliyer": [
          "abhishek"
        ],
        "desired_amount": 200000,
        "loan_bank": 15,
        "income": 10000,
        "income_proof": "media/loan-document/bg-01-1600x600_hL8avVK.jpeg",
        "approved": false,
        "rejected": true
      }
    },
    {
      "model": "car_dealer.newcardealerprofile",
      "pk": 1,
      "fields": {
        "user": [
          "cardealer1"
        ]
      }
    },
    {
      "model": "like_system.likesystem",
      "pk": 2,
      "fields": {
        "action": 1,
        "user": [
          "abhishek"
        ],
        "content_type": [
          "cars",
          "carinstance"
        ],
        "object_id": 2
      }
    },
    {
      "model": "like_system.likesystem",
      "pk": 8,
      "fields": {
        "action": 1,
        "user": [
          "cardealer1"
        ],
        "content_type": [
          "cars",
          "carinstance"
        ],
        "object_id": 2
      }
    },
    {
      "model": "admin.logentry",
      "pk": 1,
      "fields": {
        "action_time": "2021-02-03T02:55:23.349Z",
        "user": [
          "abhishek"
        ],
        "content_type": [
          "cars",
          "city"
        ],
        "object_id": "1",
        "object_repr": "Ahmedabad",
        "action_flag": 1,
        "change_message": "[{\"added\": {}}]"
      }
    },
    {
      "model": "admin.logentry",
      "pk": 2,
      "fields": {
        "action_time": "2021-02-03T02:55:30.836Z",
        "user": [
          "abhishek"
        ],
        "content_type": [
          "cars",
          "city"
        ],
        "object_id": "2",
        "object_repr": "Banglore",
        "action_flag": 1,
        "change_message": "[{\"added\": {}}]"
      }
    },
    {
      "model": "admin.logentry",
      "pk": 3,
      "fields": {
        "action_time": "2021-02-03T02:55:36.081Z",
        "user": [
          "abhishek"
        ],
        "content_type": [
          "cars",
          "city"
        ],
        "object_id": "3",
        "object_repr": "Chennai",
        "action_flag": 1,
        "change_message": "[{\"added\": {}}]"
      }
    },
    {
      "model": "admin.logentry",
      "pk": 4,
      "fields": {
        "action_time": "2021-02-03T02:55:39.636Z",
        "user": [
          "abhishek"
        ],
        "content_type": [
          "cars",
          "city"
        ],
        "object_id": "4",
        "object_repr": "Delhi",
        "action_flag": 1,
        "change_message": "[{\"added\": {}}]"
      }
    },
    {
      "model": "admin.logentry",
      "pk": 5,
      "fields": {
        "action_time": "2021-02-03T02:55:50.738Z",
        "user": [
          "abhishek"
        ],
        "content_type": [
          "cars",
          "city"
        ],
        "object_id": "5",
        "object_repr": "Hyderabad",
        "action_flag": 1,
        "change_message": "[{\"added\": {}}]"
      }
    },
    {
      "model": "admin.logentry",
      "pk": 6,
      "fields": {
        "action_time": "2021-02-03T02:55:58.736Z",
        "user": [
          "abhishek"
        ],
        "content_type": [
          "cars",
          "city"
        ],
        "object_id": "6",
        "object_repr": "Jaipur",
        "action_flag": 1,
        "change_message": "[{\"added\": {}}]"
      }
    },
    {
      "model": "admin.logentry",
      "pk": 7,
      "fields": {
        "action_time": "2021-02-03T02:56:05.094Z",
        "user": [
          "abhishek"
        ],
        "content_type": [
          "cars",
          "city"
        ],
        "object_id": "7",
        "object_repr": "Lucknow",
        "action_flag": 1,
        "change_message": "[{\"added\": {}}]"
      }
    },
    {
      "model": "admin.logentry",
      "pk": 8,
      "fields": {
        "action_time": "2021-02-03T02:56:10.828Z",
        "user": [
          "abhishek"
        ],
        "content_type": [
          "cars",
          "city"
        ],
        "object_id": "8",
        "object_repr": "Mumbai",
        "action_flag": 1,
        "change_message": "[{\"added\": {}}]"
      }
    },
    {
      "model": "admin.logentry",
      "pk": 9,
      "fields": {
        "action_time": "2021-02-03T02:56:20.231Z",
        "user": [
          "abhishek"
        ],
        "content_type": [
          "cars",
          "city"
        ],
        "object_id": "9",
        "object_repr": "Pune",
        "action_flag": 1,
        "change_message": "[{\"added\": {}}]"
      }
    },
    {
      "model": "admin.logentry",
      "pk": 10,
      "fields": {
        "action_time": "2021-02-03T02:56:29.012Z",
        "user": [
          "abhishek"
        ],
        "content_type": [
          "cars",
          "city"
        ],
        "object_id": "10",
        "object_repr": "Rajkot",
        "action_flag": 1,
        "change_message": "[{\"added\": {}}]"
      }
    },
    {
      "model": "admin.logentry",
      "pk": 11,
      "fields": {
        "action_time": "2021-02-03T02:56:35.800Z",
        "user": [
          "abhishek"
        ],
        "content_type": [
          "cars",
          "city"
        ],
        "object_id": "11",
        "object_repr": "Surat",
        "action_flag": 1,
        "change_message": "[{\"added\": {}}]"
      }
    },
    {
      "model": "admin.logentry",
      "pk": 12,
      "fields": {
        "action_time": "2021-02-03T02:56:46.011Z",
        "user": [
          "abhishek"
        ],
        "content_type": [
          "cars",
          "city"
        ],
        "object_id": "12",
        "object_repr": "Vadodata",
        "action_flag": 1,
        "change_message": "[{\"added\": {}}]"
      }
    },
    {
      "model": "admin.logentry",
      "pk": 13,
      "fields": {
        "action_time": "2021-02-03T02:56:55.884Z",
        "user": [
          "abhishek"
        ],
        "content_type": [
          "cars",
          "city"
        ],
        "object_id": "12",
        "object_repr": "Vadodara",
        "action_flag": 2,
        "change_message": "[{\"changed\": {\"fields\": [\"City name\"]}}]"
      }
    },
    {
      "model": "admin.logentry",
      "pk": 14,
      "fields": {
        "action_time": "2021-02-03T03:04:36.007Z",
        "user": [
          "abhishek"
        ],
        "content_type": [
          "cars",
          "carcompany"
        ],
        "object_id": "1",
        "object_repr": "Audi",
        "action_flag": 1,
        "change_message": "[{\"added\": {}}]"
      }
    },
    {
      "model": "admin.logentry",
      "pk": 15,
      "fields": {
        "action_time": "2021-02-03T03:05:16.913Z",
        "user": [
          "abhishek"
        ],
        "content_type": [
          "cars",
          "carcompany"
        ],
        "object_id": "2",
        "object_repr": "Chevrolet",
        "action_flag": 1,
        "change_message": "[{\"added\": {}}]"
      }
    },
    {
      "model": "admin.logentry",
      "pk": 16,
      "fields": {
        "action_time": "2021-02-03T03:07:04.225Z",
        "user": [
          "abhishek"
        ],
        "content_type": [
          "cars",
          "carcompany"
        ],
        "object_id": "3",
        "object_repr": "Fiat",
        "action_flag": 1,
        "change_message": "[{\"added\": {}}]"
      }
    },
    {
      "model": "admin.logentry",
      "pk": 17,
      "fields": {
        "action_time": "2021-02-03T03:07:15.880Z",
        "user": [
          "abhishek"
        ],
        "content_type": [
          "cars",
          "carcompany"
        ],
        "object_id": "4",
        "object_repr": "Ford",
        "action_flag": 1,
        "change_message": "[{\"added\": {}}]"
      }
    },
    {
      "model": "admin.logentry",
      "pk": 18,
      "fields": {
        "action_time": "2021-02-03T03:07:32.799Z",
        "user": [
          "abhishek"
        ],
        "content_type": [
          "cars",
          "carcompany"
        ],
        "object_id": "5",
        "object_repr": "Honda",
        "action_flag": 1,
        "change_message": "[{\"added\": {}}]"
      }
    },
    {
      "model": "admin.logentry",
      "pk": 19,
      "fields": {
        "action_time": "2021-02-03T03:07:49.921Z",
        "user": [
          "abhishek"
        ],
        "content_type": [
          "cars",
          "carcompany"
        ],
        "object_id": "6",
        "object_repr": "Hyundai",
        "action_flag": 1,
        "change_message": "[{\"added\": {}}]"
      }
    },
    {
      "model": "admin.logentry",
      "pk": 20,
      "fields": {
        "action_time": "2021-02-03T03:08:08.356Z",
        "user": [
          "abhishek"
        ],
        "content_type": [
          "cars",
          "carcompany"
        ],
        "object_id": "7",
        "object_repr": "Mahindra",
        "action_flag": 1,
        "change_message": "[{\"added\": {}}]"
      }
    },
    {
      "model": "admin.logentry",
      "pk": 21,
      "fields": {
        "action_time": "2021-02-03T03:08:22.037Z",
        "user": [
          "abhishek"
        ],
        "content_type": [
          "cars",
          "carcompany"
        ],
        "object_id": "8",
        "object_repr": "Maruti-suzuki",
        "action_flag": 1,
        "change_message": "[{\"added\": {}}]"
      }
    },
    {
      "model": "admin.logentry",
      "pk": 22,
      "fields": {
        "action_time": "2021-02-03T03:08:33.078Z",
        "user": [
          "abhishek"
        ],
        "content_type": [
          "cars",
          "carcompany"
        ],
        "object_id": "9",
        "object_repr": "Mercedes-benz",
        "action_flag": 1,
        "change_message": "[{\"added\": {}}]"
      }
    },
    {
      "model": "admin.logentry",
      "pk": 23,
      "fields": {
        "action_time": "2021-02-03T03:08:49.055Z",
        "user": [
          "abhishek"
        ],
        "content_type": [
          "cars",
          "carcompany"
        ],
        "object_id": "10",
        "object_repr": "Nissan",
        "action_flag": 1,
        "change_message": "[{\"added\": {}}]"
      }
    },
    {
      "model": "admin.logentry",
      "pk": 24,
      "fields": {
        "action_time": "2021-02-03T03:09:00.036Z",
        "user": [
          "abhishek"
        ],
        "content_type": [
          "cars",
          "carcompany"
        ],
        "object_id": "11",
        "object_repr": "Renault",
        "action_flag": 1,
        "change_message": "[{\"added\": {}}]"
      }
    },
    {
      "model": "admin.logentry",
      "pk": 25,
      "fields": {
        "action_time": "2021-02-03T03:09:11.488Z",
        "user": [
          "abhishek"
        ],
        "content_type": [
          "cars",
          "carcompany"
        ],
        "object_id": "12",
        "object_repr": "Skoda",
        "action_flag": 1,
        "change_message": "[{\"added\": {}}]"
      }
    },
    {
      "model": "admin.logentry",
      "pk": 26,
      "fields": {
        "action_time": "2021-02-03T03:09:21.809Z",
        "user": [
          "abhishek"
        ],
        "content_type": [
          "cars",
          "carcompany"
        ],
        "object_id": "13",
        "object_repr": "Tata",
        "action_flag": 1,
        "change_message": "[{\"added\": {}}]"
      }
    },
    {
      "model": "admin.logentry",
      "pk": 27,
      "fields": {
        "action_time": "2021-02-03T03:09:36.051Z",
        "user": [
          "abhishek"
        ],
        "content_type": [
          "cars",
          "carcompany"
        ],
        "object_id": "14",
        "object_repr": "Toyota",
        "action_flag": 1,
        "change_message": "[{\"added\": {}}]"
      }
    },
    {
      "model": "admin.logentry",
      "pk": 28,
      "fields": {
        "action_time": "2021-02-03T03:09:48.265Z",
        "user": [
          "abhishek"
        ],
        "content_type": [
          "cars",
          "carcompany"
        ],
        "object_id": "15",
        "object_repr": "Volkswagen",
        "action_flag": 1,
        "change_message": "[{\"added\": {}}]"
      }
    },
    {
      "model": "admin.logentry",
      "pk": 29,
      "fields": {
        "action_time": "2021-02-03T03:09:50.725Z",
        "user": [
          "abhishek"
        ],
        "content_type": [
          "cars",
          "carcompany"
        ],
        "object_id": "15",
        "object_repr": "Volkswagen",
        "action_flag": 2,
        "change_message": "[]"
      }
    },
    {
      "model": "admin.logentry",
      "pk": 30,
      "fields": {
        "action_time": "2021-02-03T03:17:30.245Z",
        "user": [
          "abhishek"
        ],
        "content_type": [
          "cars",
          "carmodel"
        ],
        "object_id": "2",
        "object_repr": "A4-Audi",
        "action_flag": 1,
        "change_message": "[{\"added\": {}}]"
      }
    },
    {
      "model": "admin.logentry",
      "pk": 31,
      "fields": {
        "action_time": "2021-02-03T03:17:46.295Z",
        "user": [
          "abhishek"
        ],
        "content_type": [
          "cars",
          "carmodel"
        ],
        "object_id": "3",
        "object_repr": "A6-Audi",
        "action_flag": 1,
        "change_message": "[{\"added\": {}}]"
      }
    },
    {
      "model": "admin.logentry",
      "pk": 32,
      "fields": {
        "action_time": "2021-02-03T03:18:01.345Z",
        "user": [
          "abhishek"
        ],
        "content_type": [
          "cars",
          "carmodel"
        ],
        "object_id": "4",
        "object_repr": "Q3-Audi",
        "action_flag": 1,
        "change_message": "[{\"added\": {}}]"
      }
    },
    {
      "model": "admin.logentry",
      "pk": 33,
      "fields": {
        "action_time": "2021-02-03T03:18:09.543Z",
        "user": [
          "abhishek"
        ],
        "content_type": [
          "cars",
          "carmodel"
        ],
        "object_id": "5",
        "object_repr": "Q5-Audi",
        "action_flag": 1,
        "change_message": "[{\"added\": {}}]"
      }
    },
    {
      "model": "admin.logentry",
      "pk": 34,
      "fields": {
        "action_time": "2021-02-03T03:18:21.135Z",
        "user": [
          "abhishek"
        ],
        "content_type": [
          "cars",
          "carmodel"
        ],
        "object_id": "6",
        "object_repr": "Q7-Audi",
        "action_flag": 1,
        "change_message": "[{\"added\": {}}]"
      }
    },
    {
      "model": "admin.logentry",
      "pk": 35,
      "fields": {
        "action_time": "2021-02-03T03:18:55.708Z",
        "user": [
          "abhishek"
        ],
        "content_type": [
          "cars",
          "carmodel"
        ],
        "object_id": "7",
        "object_repr": "AVEO-Chevrolet",
        "action_flag": 1,
        "change_message": "[{\"added\": {}}]"
      }
    },
    {
      "model": "admin.logentry",
      "pk": 36,
      "fields": {
        "action_time": "2021-02-03T03:19:16.998Z",
        "user": [
          "abhishek"
        ],
        "content_type": [
          "cars",
          "carmodel"
        ],
        "object_id": "8",
        "object_repr": "AVEO U VA-Chevrolet",
        "action_flag": 1,
        "change_message": "[{\"added\": {}}]"
      }
    },
    {
      "model": "admin.logentry",
      "pk": 37,
      "fields": {
        "action_time": "2021-02-03T03:19:29.436Z",
        "user": [
          "abhishek"
        ],
        "content_type": [
          "cars",
          "carmodel"
        ],
        "object_id": "9",
        "object_repr": "BEAT-Chevrolet",
        "action_flag": 1,
        "change_message": "[{\"added\": {}}]"
      }
    },
    {
      "model": "admin.logentry",
      "pk": 38,
      "fields": {
        "action_time": "2021-02-03T03:19:39.687Z",
        "user": [
          "abhishek"
        ],
        "content_type": [
          "cars",
          "carmodel"
        ],
        "object_id": "10",
        "object_repr": "CRUZE-Chevrolet",
        "action_flag": 1,
        "change_message": "[{\"added\": {}}]"
      }
    },
    {
      "model": "admin.logentry",
      "pk": 39,
      "fields": {
        "action_time": "2021-02-03T03:19:46.925Z",
        "user": [
          "abhishek"
        ],
        "content_type": [
          "cars",
          "carmodel"
        ],
        "object_id": "11",
        "object_repr": "SPARK-Chevrolet",
        "action_flag": 1,
        "change_message": "[{\"added\": {}}]"
      }
    },
    {
      "model": "admin.logentry",
      "pk": 40,
      "fields": {
        "action_time": "2021-02-03T03:20:20.372Z",
        "user": [
          "abhishek"
        ],
        "content_type": [
          "cars",
          "carmodel"
        ],
        "object_id": "12",
        "object_repr": "GRAND PUNTO-Fiat",
        "action_flag": 1,
        "change_message": "[{\"added\": {}}]"
      }
    },
    {
      "model": "admin.logentry",
      "pk": 41,
      "fields": {
        "action_time": "2021-02-03T03:20:33.526Z",
        "user": [
          "abhishek"
        ],
        "content_type": [
          "cars",
          "carmodel"
        ],
        "object_id": "13",
        "object_repr": "PALIO-Fiat",
        "action_flag": 1,
        "change_message": "[{\"added\": {}}]"
      }
    },
    {
      "model": "admin.logentry",
      "pk": 42,
      "fields": {
        "action_time": "2021-02-03T03:20:48.425Z",
        "user": [
          "abhishek"
        ],
        "content_type": [
          "cars",
          "carmodel"
        ],
        "object_id": "14",
        "object_repr": "P SITE-Fiat",
        "action_flag": 1,
        "change_message": "[{\"added\": {}}]"
      }
    },
    {
      "model": "admin.logentry",
      "pk": 43,
      "fields": {
        "action_time": "2021-02-03T03:21:08.376Z",
        "user": [
          "abhishek"
        ],
        "content_type": [
          "cars",
          "carmodel"
        ],
        "object_id": "14",
        "object_repr": "P STILE-Fiat",
        "action_flag": 2,
        "change_message": "[{\"changed\": {\"fields\": [\"Car model name\"]}}]"
      }
    },
    {
      "model": "admin.logentry",
      "pk": 44,
      "fields": {
        "action_time": "2021-02-03T03:21:28.238Z",
        "user": [
          "abhishek"
        ],
        "content_type": [
          "cars",
          "carmodel"
        ],
        "object_id": "14",
        "object_repr": "PALIO STILE-Fiat",
        "action_flag": 2,
        "change_message": "[{\"changed\": {\"fields\": [\"Car model name\"]}}]"
      }
    },
    {
      "model": "admin.logentry",
      "pk": 45,
      "fields": {
        "action_time": "2021-02-03T03:21:43.597Z",
        "user": [
          "abhishek"
        ],
        "content_type": [
          "cars",
          "carmodel"
        ],
        "object_id": "15",
        "object_repr": "LINEA-Fiat",
        "action_flag": 1,
        "change_message": "[{\"added\": {}}]"
      }
    },
    {
      "model": "admin.logentry",
      "pk": 46,
      "fields": {
        "action_time": "2021-02-03T03:22:03.062Z",
        "user": [
          "abhishek"
        ],
        "content_type": [
          "cars",
          "carmodel"
        ],
        "object_id": "16",
        "object_repr": "PUNTO EVO-Fiat",
        "action_flag": 1,
        "change_message": "[{\"added\": {}}]"
      }
    },
    {
      "model": "admin.logentry",
      "pk": 47,
      "fields": {
        "action_time": "2021-02-03T03:22:24.258Z",
        "user": [
          "abhishek"
        ],
        "content_type": [
          "cars",
          "carmodel"
        ],
        "object_id": "17",
        "object_repr": "ECOSPORT-Ford",
        "action_flag": 1,
        "change_message": "[{\"added\": {}}]"
      }
    },
    {
      "model": "admin.logentry",
      "pk": 48,
      "fields": {
        "action_time": "2021-02-03T03:25:29.978Z",
        "user": [
          "abhishek"
        ],
        "content_type": [
          "cars",
          "carmodel"
        ],
        "object_id": "18",
        "object_repr": "FIGO-Ford",
        "action_flag": 1,
        "change_message": "[{\"added\": {}}]"
      }
    },
    {
      "model": "admin.logentry",
      "pk": 49,
      "fields": {
        "action_time": "2021-02-03T03:25:49.419Z",
        "user": [
          "abhishek"
        ],
        "content_type": [
          "cars",
          "carmodel"
        ],
        "object_id": "19",
        "object_repr": "ENDEAVOUR-Ford",
        "action_flag": 1,
        "change_message": "[{\"added\": {}}]"
      }
    },
    {
      "model": "admin.logentry",
      "pk": 50,
      "fields": {
        "action_time": "2021-02-03T03:26:03.135Z",
        "user": [
          "abhishek"
        ],
        "content_type": [
          "cars",
          "carmodel"
        ],
        "object_id": "20",
        "object_repr": "FIESTA-Ford",
        "action_flag": 1,
        "change_message": "[{\"added\": {}}]"
      }
    },
    {
      "model": "admin.logentry",
      "pk": 51,
      "fields": {
        "action_time": "2021-02-03T03:26:38.540Z",
        "user": [
          "abhishek"
        ],
        "content_type": [
          "cars",
          "carmodel"
        ],
        "object_id": "21",
        "object_repr": "IKON-Ford",
        "action_flag": 1,
        "change_message": "[{\"added\": {}}]"
      }
    },
    {
      "model": "admin.logentry",
      "pk": 52,
      "fields": {
        "action_time": "2021-02-03T03:30:06.708Z",
        "user": [
          "abhishek"
        ],
        "content_type": [
          "cars",
          "carmodel"
        ],
        "object_id": "22",
        "object_repr": "AMAZE-Honda",
        "action_flag": 1,
        "change_message": "[{\"added\": {}}]"
      }
    },
    {
      "model": "admin.logentry",
      "pk": 53,
      "fields": {
        "action_time": "2021-02-03T03:30:16.256Z",
        "user": [
          "abhishek"
        ],
        "content_type": [
          "cars",
          "carmodel"
        ],
        "object_id": "23",
        "object_repr": "BRIO-Honda",
        "action_flag": 1,
        "change_message": "[{\"added\": {}}]"
      }
    },
    {
      "model": "admin.logentry",
      "pk": 54,
      "fields": {
        "action_time": "2021-02-03T03:30:28.596Z",
        "user": [
          "abhishek"
        ],
        "content_type": [
          "cars",
          "carmodel"
        ],
        "object_id": "24",
        "object_repr": "CITY-Honda",
        "action_flag": 1,
        "change_message": "[{\"added\": {}}]"
      }
    },
    {
      "model": "admin.logentry",
      "pk": 55,
      "fields": {
        "action_time": "2021-02-03T03:30:36.881Z",
        "user": [
          "abhishek"
        ],
        "content_type": [
          "cars",
          "carmodel"
        ],
        "object_id": "25",
        "object_repr": "CIVIC-Honda",
        "action_flag": 1,
        "change_message": "[{\"added\": {}}]"
      }
    },
    {
      "model": "admin.logentry",
      "pk": 56,
      "fields": {
        "action_time": "2021-02-03T03:31:03.560Z",
        "user": [
          "abhishek"
        ],
        "content_type": [
          "cars",
          "carmodel"
        ],
        "object_id": "26",
        "object_repr": "GRAND I 10-Hyundai",
        "action_flag": 1,
        "change_message": "[{\"added\": {}}]"
      }
    },
    {
      "model": "admin.logentry",
      "pk": 57,
      "fields": {
        "action_time": "2021-02-03T03:31:14.534Z",
        "user": [
          "abhishek"
        ],
        "content_type": [
          "cars",
          "carmodel"
        ],
        "object_id": "27",
        "object_repr": "I10-Hyundai",
        "action_flag": 1,
        "change_message": "[{\"added\": {}}]"
      }
    },
    {
      "model": "admin.logentry",
      "pk": 58,
      "fields": {
        "action_time": "2021-02-03T03:31:24.817Z",
        "user": [
          "abhishek"
        ],
        "content_type": [
          "cars",
          "carmodel"
        ],
        "object_id": "28",
        "object_repr": "I20-Hyundai",
        "action_flag": 1,
        "change_message": "[{\"added\": {}}]"
      }
    },
    {
      "model": "admin.logentry",
      "pk": 59,
      "fields": {
        "action_time": "2021-02-03T03:31:40.858Z",
        "user": [
          "abhishek"
        ],
        "content_type": [
          "cars",
          "carmodel"
        ],
        "object_id": "29",
        "object_repr": "SANTRO XING-Hyundai",
        "action_flag": 1,
        "change_message": "[{\"added\": {}}]"
      }
    },
    {
      "model": "admin.logentry",
      "pk": 60,
      "fields": {
        "action_time": "2021-02-03T03:31:50.612Z",
        "user": [
          "abhishek"
        ],
        "content_type": [
          "cars",
          "carmodel"
        ],
        "object_id": "30",
        "object_repr": "VERNA-Hyundai",
        "action_flag": 1,
        "change_message": "[{\"added\": {}}]"
      }
    },
    {
      "model": "admin.logentry",
      "pk": 61,
      "fields": {
        "action_time": "2021-02-03T03:32:22.509Z",
        "user": [
          "abhishek"
        ],
        "content_type": [
          "cars",
          "carmodel"
        ],
        "object_id": "31",
        "object_repr": "BOLERO-Mahindra",
        "action_flag": 1,
        "change_message": "[{\"added\": {}}]"
      }
    },
    {
      "model": "admin.logentry",
      "pk": 62,
      "fields": {
        "action_time": "2021-02-03T03:32:34.529Z",
        "user": [
          "abhishek"
        ],
        "content_type": [
          "cars",
          "carmodel"
        ],
        "object_id": "32",
        "object_repr": "KUV100-Mahindra",
        "action_flag": 1,
        "change_message": "[{\"added\": {}}]"
      }
    },
    {
      "model": "admin.logentry",
      "pk": 63,
      "fields": {
        "action_time": "2021-02-03T03:32:46.094Z",
        "user": [
          "abhishek"
        ],
        "content_type": [
          "cars",
          "carmodel"
        ],
        "object_id": "33",
        "object_repr": "XUV500-Mahindra",
        "action_flag": 1,
        "change_message": "[{\"added\": {}}]"
      }
    },
    {
      "model": "admin.logentry",
      "pk": 64,
      "fields": {
        "action_time": "2021-02-03T03:33:02.597Z",
        "user": [
          "abhishek"
        ],
        "content_type": [
          "cars",
          "carmodel"
        ],
        "object_id": "34",
        "object_repr": "Scorpio-Mahindra",
        "action_flag": 1,
        "change_message": "[{\"added\": {}}]"
      }
    },
    {
      "model": "admin.logentry",
      "pk": 65,
      "fields": {
        "action_time": "2021-02-03T03:33:18.990Z",
        "user": [
          "abhishek"
        ],
        "content_type": [
          "cars",
          "carmodel"
        ],
        "object_id": "35",
        "object_repr": "XYLO-Mahindra",
        "action_flag": 1,
        "change_message": "[{\"added\": {}}]"
      }
    },
    {
      "model": "admin.logentry",
      "pk": 66,
      "fields": {
        "action_time": "2021-02-03T03:34:12.552Z",
        "user": [
          "abhishek"
        ],
        "content_type": [
          "cars",
          "carmodel"
        ],
        "object_id": "36",
        "object_repr": "ALTO-Maruti-suzuki",
        "action_flag": 1,
        "change_message": "[{\"added\": {}}]"
      }
    },
    {
      "model": "admin.logentry",
      "pk": 67,
      "fields": {
        "action_time": "2021-02-03T03:34:30.075Z",
        "user": [
          "abhishek"
        ],
        "content_type": [
          "cars",
          "carmodel"
        ],
        "object_id": "37",
        "object_repr": "SWIFT-Maruti-suzuki",
        "action_flag": 1,
        "change_message": "[{\"added\": {}}]"
      }
    },
    {
      "model": "admin.logentry",
      "pk": 68,
      "fields": {
        "action_time": "2021-02-03T03:34:55.628Z",
        "user": [
          "abhishek"
        ],
        "content_type": [
          "cars",
          "carmodel"
        ],
        "object_id": "38",
        "object_repr": "SWIFT DZIRE-Maruti-suzuki",
        "action_flag": 1,
        "change_message": "[{\"added\": {}}]"
      }
    },
    {
      "model": "admin.logentry",
      "pk": 69,
      "fields": {
        "action_time": "2021-02-03T03:35:09.091Z",
        "user": [
          "abhishek"
        ],
        "content_type": [
          "cars",
          "carmodel"
        ],
        "object_id": "39",
        "object_repr": "WAGON R-Maruti-suzuki",
        "action_flag": 1,
        "change_message": "[{\"added\": {}}]"
      }
    },
    {
      "model": "admin.logentry",
      "pk": 70,
      "fields": {
        "action_time": "2021-02-03T03:35:22.329Z",
        "user": [
          "abhishek"
        ],
        "content_type": [
          "cars",
          "carmodel"
        ],
        "object_id": "40",
        "object_repr": "WAGON R 1.0-Maruti-suzuki",
        "action_flag": 1,
        "change_message": "[{\"added\": {}}]"
      }
    },
    {
      "model": "admin.logentry",
      "pk": 71,
      "fields": {
        "action_time": "2021-02-03T03:36:02.246Z",
        "user": [
          "abhishek"
        ],
        "content_type": [
          "cars",
          "carmodel"
        ],
        "object_id": "41",
        "object_repr": "B CLASS-Mercedes-benz",
        "action_flag": 1,
        "change_message": "[{\"added\": {}}]"
      }
    },
    {
      "model": "admin.logentry",
      "pk": 72,
      "fields": {
        "action_time": "2021-02-03T03:36:17.768Z",
        "user": [
          "abhishek"
        ],
        "content_type": [
          "cars",
          "carmodel"
        ],
        "object_id": "42",
        "object_repr": "C CLASS-Mercedes-benz",
        "action_flag": 1,
        "change_message": "[{\"added\": {}}]"
      }
    },
    {
      "model": "admin.logentry",
      "pk": 73,
      "fields": {
        "action_time": "2021-02-03T03:36:30.970Z",
        "user": [
          "abhishek"
        ],
        "content_type": [
          "cars",
          "carmodel"
        ],
        "object_id": "43",
        "object_repr": "ML CLASS-Mercedes-benz",
        "action_flag": 1,
        "change_message": "[{\"added\": {}}]"
      }
    },
    {
      "model": "admin.logentry",
      "pk": 74,
      "fields": {
        "action_time": "2021-02-03T03:36:45.135Z",
        "user": [
          "abhishek"
        ],
        "content_type": [
          "cars",
          "carmodel"
        ],
        "object_id": "44",
        "object_repr": "S CLASS-Mercedes-benz",
        "action_flag": 1,
        "change_message": "[{\"added\": {}}]"
      }
    },
    {
      "model": "admin.logentry",
      "pk": 75,
      "fields": {
        "action_time": "2021-02-03T03:37:08.361Z",
        "user": [
          "abhishek"
        ],
        "content_type": [
          "cars",
          "carmodel"
        ],
        "object_id": "45",
        "object_repr": "MICRA-Nissan",
        "action_flag": 1,
        "change_message": "[{\"added\": {}}]"
      }
    },
    {
      "model": "admin.logentry",
      "pk": 76,
      "fields": {
        "action_time": "2021-02-03T03:37:19.068Z",
        "user": [
          "abhishek"
        ],
        "content_type": [
          "cars",
          "carmodel"
        ],
        "object_id": "46",
        "object_repr": "SUNNY-Nissan",
        "action_flag": 1,
        "change_message": "[{\"added\": {}}]"
      }
    },
    {
      "model": "admin.logentry",
      "pk": 77,
      "fields": {
        "action_time": "2021-02-03T03:37:38.242Z",
        "user": [
          "abhishek"
        ],
        "content_type": [
          "cars",
          "carmodel"
        ],
        "object_id": "47",
        "object_repr": "MICRA ACTIVE-Nissan",
        "action_flag": 1,
        "change_message": "[{\"added\": {}}]"
      }
    },
    {
      "model": "admin.logentry",
      "pk": 78,
      "fields": {
        "action_time": "2021-02-03T03:38:01.006Z",
        "user": [
          "abhishek"
        ],
        "content_type": [
          "cars",
          "carmodel"
        ],
        "object_id": "48",
        "object_repr": "DUSTER-Renault",
        "action_flag": 1,
        "change_message": "[{\"added\": {}}]"
      }
    },
    {
      "model": "admin.logentry",
      "pk": 79,
      "fields": {
        "action_time": "2021-02-03T03:38:08.157Z",
        "user": [
          "abhishek"
        ],
        "content_type": [
          "cars",
          "carmodel"
        ],
        "object_id": "49",
        "object_repr": "KWID-Renault",
        "action_flag": 1,
        "change_message": "[{\"added\": {}}]"
      }
    },
    {
      "model": "admin.logentry",
      "pk": 80,
      "fields": {
        "action_time": "2021-02-03T03:38:17.606Z",
        "user": [
          "abhishek"
        ],
        "content_type": [
          "cars",
          "carmodel"
        ],
        "object_id": "50",
        "object_repr": "SCALA-Renault",
        "action_flag": 1,
        "change_message": "[{\"added\": {}}]"
      }
    },
    {
      "model": "admin.logentry",
      "pk": 81,
      "fields": {
        "action_time": "2021-02-03T03:38:43.261Z",
        "user": [
          "abhishek"
        ],
        "content_type": [
          "cars",
          "carmodel"
        ],
        "object_id": "51",
        "object_repr": "FABIA-Skoda",
        "action_flag": 1,
        "change_message": "[{\"added\": {}}]"
      }
    },
    {
      "model": "admin.logentry",
      "pk": 82,
      "fields": {
        "action_time": "2021-02-03T03:38:55.966Z",
        "user": [
          "abhishek"
        ],
        "content_type": [
          "cars",
          "carmodel"
        ],
        "object_id": "52",
        "object_repr": "SUPERB-Skoda",
        "action_flag": 1,
        "change_message": "[{\"added\": {}}]"
      }
    },
    {
      "model": "admin.logentry",
      "pk": 83,
      "fields": {
        "action_time": "2021-02-03T03:39:05.701Z",
        "user": [
          "abhishek"
        ],
        "content_type": [
          "cars",
          "carmodel"
        ],
        "object_id": "53",
        "object_repr": "RAPID-Skoda",
        "action_flag": 1,
        "change_message": "[{\"added\": {}}]"
      }
    },
    {
      "model": "admin.logentry",
      "pk": 84,
      "fields": {
        "action_time": "2021-02-03T03:39:35.404Z",
        "user": [
          "abhishek"
        ],
        "content_type": [
          "cars",
          "carmodel"
        ],
        "object_id": "54",
        "object_repr": "ALTROZ-Tata",
        "action_flag": 1,
        "change_message": "[{\"added\": {}}]"
      }
    },
    {
      "model": "admin.logentry",
      "pk": 85,
      "fields": {
        "action_time": "2021-02-03T03:39:47.801Z",
        "user": [
          "abhishek"
        ],
        "content_type": [
          "cars",
          "carmodel"
        ],
        "object_id": "55",
        "object_repr": "SAFARI-Tata",
        "action_flag": 1,
        "change_message": "[{\"added\": {}}]"
      }
    },
    {
      "model": "admin.logentry",
      "pk": 86,
      "fields": {
        "action_time": "2021-02-03T03:40:05.194Z",
        "user": [
          "abhishek"
        ],
        "content_type": [
          "cars",
          "carmodel"
        ],
        "object_id": "56",
        "object_repr": "MANZA-Tata",
        "action_flag": 1,
        "change_message": "[{\"added\": {}}]"
      }
    },
    {
      "model": "admin.logentry",
      "pk": 87,
      "fields": {
        "action_time": "2021-02-03T03:40:34.699Z",
        "user": [
          "abhishek"
        ],
        "content_type": [
          "cars",
          "carmodel"
        ],
        "object_id": "57",
        "object_repr": "SUMO-Tata",
        "action_flag": 1,
        "change_message": "[{\"added\": {}}]"
      }
    },
    {
      "model": "admin.logentry",
      "pk": 88,
      "fields": {
        "action_time": "2021-02-03T03:40:44.344Z",
        "user": [
          "abhishek"
        ],
        "content_type": [
          "cars",
          "carmodel"
        ],
        "object_id": "58",
        "object_repr": "NANO-Tata",
        "action_flag": 1,
        "change_message": "[{\"added\": {}}]"
      }
    },
    {
      "model": "admin.logentry",
      "pk": 89,
      "fields": {
        "action_time": "2021-02-03T03:41:04.611Z",
        "user": [
          "abhishek"
        ],
        "content_type": [
          "cars",
          "carmodel"
        ],
        "object_id": "59",
        "object_repr": "INDICA V2-Tata",
        "action_flag": 1,
        "change_message": "[{\"added\": {}}]"
      }
    },
    {
      "model": "admin.logentry",
      "pk": 90,
      "fields": {
        "action_time": "2021-02-03T03:41:25.173Z",
        "user": [
          "abhishek"
        ],
        "content_type": [
          "cars",
          "carmodel"
        ],
        "object_id": "60",
        "object_repr": "ETIOS-Toyota",
        "action_flag": 1,
        "change_message": "[{\"added\": {}}]"
      }
    },
    {
      "model": "admin.logentry",
      "pk": 91,
      "fields": {
        "action_time": "2021-02-03T03:41:40.903Z",
        "user": [
          "abhishek"
        ],
        "content_type": [
          "cars",
          "carmodel"
        ],
        "object_id": "61",
        "object_repr": "FORTUNER-Toyota",
        "action_flag": 1,
        "change_message": "[{\"added\": {}}]"
      }
    },
    {
      "model": "admin.logentry",
      "pk": 92,
      "fields": {
        "action_time": "2021-02-03T03:42:12.898Z",
        "user": [
          "abhishek"
        ],
        "content_type": [
          "cars",
          "carmodel"
        ],
        "object_id": "62",
        "object_repr": "INNOVA-Toyota",
        "action_flag": 1,
        "change_message": "[{\"added\": {}}]"
      }
    },
    {
      "model": "admin.logentry",
      "pk": 93,
      "fields": {
        "action_time": "2021-02-03T03:52:52.718Z",
        "user": [
          "abhishek"
        ],
        "content_type": [
          "cars",
          "carmodel"
        ],
        "object_id": "63",
        "object_repr": "JETTA-Volkswagen",
        "action_flag": 1,
        "change_message": "[{\"added\": {}}]"
      }
    },
    {
      "model": "admin.logentry",
      "pk": 94,
      "fields": {
        "action_time": "2021-02-03T03:53:02.630Z",
        "user": [
          "abhishek"
        ],
        "content_type": [
          "cars",
          "carmodel"
        ],
        "object_id": "64",
        "object_repr": "POLO-Volkswagen",
        "action_flag": 1,
        "change_message": "[{\"added\": {}}]"
      }
    },
    {
      "model": "admin.logentry",
      "pk": 95,
      "fields": {
        "action_time": "2021-02-03T03:53:19.205Z",
        "user": [
          "abhishek"
        ],
        "content_type": [
          "cars",
          "carmodel"
        ],
        "object_id": "65",
        "object_repr": "VENTO-Volkswagen",
        "action_flag": 1,
        "change_message": "[{\"added\": {}}]"
      }
    },
    {
      "model": "admin.logentry",
      "pk": 96,
      "fields": {
        "action_time": "2021-02-03T04:18:54.841Z",
        "user": [
          "abhishek"
        ],
        "content_type": [
          "cars",
          "carvarient"
        ],
        "object_id": "50",
        "object_repr": "Incidunt hic amet corporis odit,-LINEA",
        "action_flag": 3,
        "change_message": ""
      }
    },
    {
      "model": "admin.logentry",
      "pk": 97,
      "fields": {
        "action_time": "2021-02-03T04:18:54.870Z",
        "user": [
          "abhishek"
        ],
        "content_type": [
          "cars",
          "carvarient"
        ],
        "object_id": "49",
        "object_repr": "Doloremque cupiditate sed repe-JETTA",
        "action_flag": 3,
        "change_message": ""
      }
    },
    {
      "model": "admin.logentry",
      "pk": 98,
      "fields": {
        "action_time": "2021-02-03T04:18:54.896Z",
        "user": [
          "abhishek"
        ],
        "content_type": [
          "cars",
          "carvarient"
        ],
        "object_id": "48",
        "object_repr": "Velit minima cupid-AMAZE",
        "action_flag": 3,
        "change_message": ""
      }
    },
    {
      "model": "admin.logentry",
      "pk": 99,
      "fields": {
        "action_time": "2021-02-03T04:18:54.923Z",
        "user": [
          "abhishek"
        ],
        "content_type": [
          "cars",
          "carvarient"
        ],
        "object_id": "47",
        "object_repr": "A sint aliquam maxime consequuntur natus libero ac-JETTA",
        "action_flag": 3,
        "change_message": ""
      }
    },
    {
      "model": "admin.logentry",
      "pk": 100,
      "fields": {
        "action_time": "2021-02-03T04:18:54.973Z",
        "user": [
          "abhishek"
        ],
        "content_type": [
          "cars",
          "carvarient"
        ],
        "object_id": "46",
        "object_repr": "Nesciunt odit quia consequunt-DUSTER",
        "action_flag": 3,
        "change_message": ""
      }
    },
    {
      "model": "admin.logentry",
      "pk": 101,
      "fields": {
        "action_time": "2021-02-03T04:18:55.003Z",
        "user": [
          "abhishek"
        ],
        "content_type": [
          "cars",
          "carvarient"
        ],
        "object_id": "45",
        "object_repr": "A omnis-Q3",
        "action_flag": 3,
        "change_message": ""
      }
    },
    {
      "model": "admin.logentry",
      "pk": 102,
      "fields": {
        "action_time": "2021-02-03T04:18:55.031Z",
        "user": [
          "abhishek"
        ],
        "content_type": [
          "cars",
          "carvarient"
        ],
        "object_id": "44",
        "object_repr": "Consecte-SPARK",
        "action_flag": 3,
        "change_message": ""
      }
    },
    {
      "model": "admin.logentry",
      "pk": 103,
      "fields": {
        "action_time": "2021-02-03T04:18:55.058Z",
        "user": [
          "abhishek"
        ],
        "content_type": [
          "cars",
          "carvarient"
        ],
        "object_id": "43",
        "object_repr": "Doloribus officiis consequatur deleniti-PALIO",
        "action_flag": 3,
        "change_message": ""
      }
    },
    {
      "model": "admin.logentry",
      "pk": 104,
      "fields": {
        "action_time": "2021-02-03T04:18:55.086Z",
        "user": [
          "abhishek"
        ],
        "content_type": [
          "cars",
          "carvarient"
        ],
        "object_id": "42",
        "object_repr": "Alias deserunt distinctio ex iure-GRAND PUNTO",
        "action_flag": 3,
        "change_message": ""
      }
    },
    {
      "model": "admin.logentry",
      "pk": 105,
      "fields": {
        "action_time": "2021-02-03T04:18:55.137Z",
        "user": [
          "abhishek"
        ],
        "content_type": [
          "cars",
          "carvarient"
        ],
        "object_id": "41",
        "object_repr": "In voluptatibus ha-Scorpio",
        "action_flag": 3,
        "change_message": ""
      }
    },
    {
      "model": "admin.logentry",
      "pk": 106,
      "fields": {
        "action_time": "2021-02-03T04:18:55.167Z",
        "user": [
          "abhishek"
        ],
        "content_type": [
          "cars",
          "carvarient"
        ],
        "object_id": "40",
        "object_repr": "Dolores alias l-KWID",
        "action_flag": 3,
        "change_message": ""
      }
    },
    {
      "model": "admin.logentry",
      "pk": 107,
      "fields": {
        "action_time": "2021-02-03T04:18:55.189Z",
        "user": [
          "abhishek"
        ],
        "content_type": [
          "cars",
          "carvarient"
        ],
        "object_id": "39",
        "object_repr": "Quibusdam animi tenetur atque? Molestias ipsa sap-I10",
        "action_flag": 3,
        "change_message": ""
      }
    },
    {
      "model": "admin.logentry",
      "pk": 108,
      "fields": {
        "action_time": "2021-02-03T04:18:55.207Z",
        "user": [
          "abhishek"
        ],
        "content_type": [
          "cars",
          "carvarient"
        ],
        "object_id": "38",
        "object_repr": "Non quibusdam deserunt ut qui distinctio velit,-AVEO U VA",
        "action_flag": 3,
        "change_message": ""
      }
    },
    {
      "model": "admin.logentry",
      "pk": 109,
      "fields": {
        "action_time": "2021-02-03T04:18:55.239Z",
        "user": [
          "abhishek"
        ],
        "content_type": [
          "cars",
          "carvarient"
        ],
        "object_id": "37",
        "object_repr": "Amet quaerat impedit autem, su-SUMO",
        "action_flag": 3,
        "change_message": ""
      }
    },
    {
      "model": "admin.logentry",
      "pk": 110,
      "fields": {
        "action_time": "2021-02-03T04:18:55.266Z",
        "user": [
          "abhishek"
        ],
        "content_type": [
          "cars",
          "carvarient"
        ],
        "object_id": "36",
        "object_repr": "Repudianda-KWID",
        "action_flag": 3,
        "change_message": ""
      }
    },
    {
      "model": "admin.logentry",
      "pk": 111,
      "fields": {
        "action_time": "2021-02-03T04:18:55.309Z",
        "user": [
          "abhishek"
        ],
        "content_type": [
          "cars",
          "carvarient"
        ],
        "object_id": "35",
        "object_repr": "Dolorem tempora labore delectus itaque sint cupi-FIESTA",
        "action_flag": 3,
        "change_message": ""
      }
    },
    {
      "model": "admin.logentry",
      "pk": 112,
      "fields": {
        "action_time": "2021-02-03T04:18:55.341Z",
        "user": [
          "abhishek"
        ],
        "content_type": [
          "cars",
          "carvarient"
        ],
        "object_id": "34",
        "object_repr": "Non at earum vero aliqu-PALIO STILE",
        "action_flag": 3,
        "change_message": ""
      }
    },
    {
      "model": "admin.logentry",
      "pk": 113,
      "fields": {
        "action_time": "2021-02-03T04:18:55.398Z",
        "user": [
          "abhishek"
        ],
        "content_type": [
          "cars",
          "carvarient"
        ],
        "object_id": "33",
        "object_repr": "Temporibus dolor a nulla solut-POLO",
        "action_flag": 3,
        "change_message": ""
      }
    },
    {
      "model": "admin.logentry",
      "pk": 114,
      "fields": {
        "action_time": "2021-02-03T04:18:55.424Z",
        "user": [
          "abhishek"
        ],
        "content_type": [
          "cars",
          "carvarient"
        ],
        "object_id": "32",
        "object_repr": "Deleniti voluptates nemo rem quam fugit? R-SAFARI",
        "action_flag": 3,
        "change_message": ""
      }
    },
    {
      "model": "admin.logentry",
      "pk": 115,
      "fields": {
        "action_time": "2021-02-03T04:18:55.456Z",
        "user": [
          "abhishek"
        ],
        "content_type": [
          "cars",
          "carvarient"
        ],
        "object_id": "31",
        "object_repr": "Adipisci suscipit in distinctio nemo cu-Q7",
        "action_flag": 3,
        "change_message": ""
      }
    },
    {
      "model": "admin.logentry",
      "pk": 116,
      "fields": {
        "action_time": "2021-02-03T04:18:55.502Z",
        "user": [
          "abhishek"
        ],
        "content_type": [
          "cars",
          "carvarient"
        ],
        "object_id": "30",
        "object_repr": "Similique hic ipsa qu-S CLASS",
        "action_flag": 3,
        "change_message": ""
      }
    },
    {
      "model": "admin.logentry",
      "pk": 117,
      "fields": {
        "action_time": "2021-02-03T04:18:55.560Z",
        "user": [
          "abhishek"
        ],
        "content_type": [
          "cars",
          "carvarient"
        ],
        "object_id": "29",
        "object_repr": "Accusantium fugit sit in sint-VERNA",
        "action_flag": 3,
        "change_message": ""
      }
    },
    {
      "model": "admin.logentry",
      "pk": 118,
      "fields": {
        "action_time": "2021-02-03T04:18:55.677Z",
        "user": [
          "abhishek"
        ],
        "content_type": [
          "cars",
          "carvarient"
        ],
        "object_id": "28",
        "object_repr": "Ratione voluptatem commodi n-SCALA",
        "action_flag": 3,
        "change_message": ""
      }
    },
    {
      "model": "admin.logentry",
      "pk": 119,
      "fields": {
        "action_time": "2021-02-03T04:18:55.708Z",
        "user": [
          "abhishek"
        ],
        "content_type": [
          "cars",
          "carvarient"
        ],
        "object_id": "27",
        "object_repr": "Ipsa repudiandae quam, quos mo-A6",
        "action_flag": 3,
        "change_message": ""
      }
    },
    {
      "model": "admin.logentry",
      "pk": 120,
      "fields": {
        "action_time": "2021-02-03T04:18:55.736Z",
        "user": [
          "abhishek"
        ],
        "content_type": [
          "cars",
          "carvarient"
        ],
        "object_id": "26",
        "object_repr": "Quidem dolores aspernatur voluptatum l-B CLASS",
        "action_flag": 3,
        "change_message": ""
      }
    },
    {
      "model": "admin.logentry",
      "pk": 121,
      "fields": {
        "action_time": "2021-02-03T04:18:55.764Z",
        "user": [
          "abhishek"
        ],
        "content_type": [
          "cars",
          "carvarient"
        ],
        "object_id": "25",
        "object_repr": "Ab consequuntur beatae quam-PUNTO EVO",
        "action_flag": 3,
        "change_message": ""
      }
    },
    {
      "model": "admin.logentry",
      "pk": 122,
      "fields": {
        "action_time": "2021-02-03T04:18:55.792Z",
        "user": [
          "abhishek"
        ],
        "content_type": [
          "cars",
          "carvarient"
        ],
        "object_id": "24",
        "object_repr": "Sunt perferendis beatae excepturi eos. Nihil verit-Q7",
        "action_flag": 3,
        "change_message": ""
      }
    },
    {
      "model": "admin.logentry",
      "pk": 123,
      "fields": {
        "action_time": "2021-02-03T04:18:55.820Z",
        "user": [
          "abhishek"
        ],
        "content_type": [
          "cars",
          "carvarient"
        ],
        "object_id": "23",
        "object_repr": "Tempora doloribus autem cor-AVEO",
        "action_flag": 3,
        "change_message": ""
      }
    },
    {
      "model": "admin.logentry",
      "pk": 124,
      "fields": {
        "action_time": "2021-02-03T04:18:55.848Z",
        "user": [
          "abhishek"
        ],
        "content_type": [
          "cars",
          "carvarient"
        ],
        "object_id": "22",
        "object_repr": "Nisi error c-FIGO",
        "action_flag": 3,
        "change_message": ""
      }
    },
    {
      "model": "admin.logentry",
      "pk": 125,
      "fields": {
        "action_time": "2021-02-03T04:18:55.893Z",
        "user": [
          "abhishek"
        ],
        "content_type": [
          "cars",
          "carvarient"
        ],
        "object_id": "21",
        "object_repr": "Dolore volup-SUPERB",
        "action_flag": 3,
        "change_message": ""
      }
    },
    {
      "model": "admin.logentry",
      "pk": 126,
      "fields": {
        "action_time": "2021-02-03T04:18:55.920Z",
        "user": [
          "abhishek"
        ],
        "content_type": [
          "cars",
          "carvarient"
        ],
        "object_id": "20",
        "object_repr": "Debitis impedit recusandae vo-FIGO",
        "action_flag": 3,
        "change_message": ""
      }
    },
    {
      "model": "admin.logentry",
      "pk": 127,
      "fields": {
        "action_time": "2021-02-03T04:18:55.946Z",
        "user": [
          "abhishek"
        ],
        "content_type": [
          "cars",
          "carvarient"
        ],
        "object_id": "19",
        "object_repr": "Enim ex fuga dist-SANTRO XING",
        "action_flag": 3,
        "change_message": ""
      }
    },
    {
      "model": "admin.logentry",
      "pk": 128,
      "fields": {
        "action_time": "2021-02-03T04:18:56.003Z",
        "user": [
          "abhishek"
        ],
        "content_type": [
          "cars",
          "carvarient"
        ],
        "object_id": "18",
        "object_repr": "Nobis harum-CITY",
        "action_flag": 3,
        "change_message": ""
      }
    },
    {
      "model": "admin.logentry",
      "pk": 129,
      "fields": {
        "action_time": "2021-02-03T04:18:56.037Z",
        "user": [
          "abhishek"
        ],
        "content_type": [
          "cars",
          "carvarient"
        ],
        "object_id": "17",
        "object_repr": "Aliquid excepturi ni-PALIO",
        "action_flag": 3,
        "change_message": ""
      }
    },
    {
      "model": "admin.logentry",
      "pk": 130,
      "fields": {
        "action_time": "2021-02-03T04:18:56.087Z",
        "user": [
          "abhishek"
        ],
        "content_type": [
          "cars",
          "carvarient"
        ],
        "object_id": "16",
        "object_repr": "Laborum aut atque qui ullam, optio-XUV500",
        "action_flag": 3,
        "change_message": ""
      }
    },
    {
      "model": "admin.logentry",
      "pk": 131,
      "fields": {
        "action_time": "2021-02-03T04:18:56.118Z",
        "user": [
          "abhishek"
        ],
        "content_type": [
          "cars",
          "carvarient"
        ],
        "object_id": "15",
        "object_repr": "Obcaecati optio mollitia, e-SPARK",
        "action_flag": 3,
        "change_message": ""
      }
    },
    {
      "model": "admin.logentry",
      "pk": 132,
      "fields": {
        "action_time": "2021-02-03T04:18:56.144Z",
        "user": [
          "abhishek"
        ],
        "content_type": [
          "cars",
          "carvarient"
        ],
        "object_id": "14",
        "object_repr": "Rem aperiam eaque veritatis sapiente quos-BEAT",
        "action_flag": 3,
        "change_message": ""
      }
    },
    {
      "model": "admin.logentry",
      "pk": 133,
      "fields": {
        "action_time": "2021-02-03T04:18:56.174Z",
        "user": [
          "abhishek"
        ],
        "content_type": [
          "cars",
          "carvarient"
        ],
        "object_id": "13",
        "object_repr": "Est repudiandae quaerat fugiat hic qui-MICRA ACTIVE",
        "action_flag": 3,
        "change_message": ""
      }
    },
    {
      "model": "admin.logentry",
      "pk": 134,
      "fields": {
        "action_time": "2021-02-03T04:18:56.198Z",
        "user": [
          "abhishek"
        ],
        "content_type": [
          "cars",
          "carvarient"
        ],
        "object_id": "12",
        "object_repr": "Ad et magnam minima iure reru-NANO",
        "action_flag": 3,
        "change_message": ""
      }
    },
    {
      "model": "admin.logentry",
      "pk": 135,
      "fields": {
        "action_time": "2021-02-03T04:18:56.250Z",
        "user": [
          "abhishek"
        ],
        "content_type": [
          "cars",
          "carvarient"
        ],
        "object_id": "11",
        "object_repr": "Quaerat-PALIO",
        "action_flag": 3,
        "change_message": ""
      }
    },
    {
      "model": "admin.logentry",
      "pk": 136,
      "fields": {
        "action_time": "2021-02-03T04:18:56.297Z",
        "user": [
          "abhishek"
        ],
        "content_type": [
          "cars",
          "carvarient"
        ],
        "object_id": "10",
        "object_repr": "Eos obcaecati accusantium simili-Q5",
        "action_flag": 3,
        "change_message": ""
      }
    },
    {
      "model": "admin.logentry",
      "pk": 137,
      "fields": {
        "action_time": "2021-02-03T04:18:56.328Z",
        "user": [
          "abhishek"
        ],
        "content_type": [
          "cars",
          "carvarient"
        ],
        "object_id": "9",
        "object_repr": "Libero fugit molesti-ALTROZ",
        "action_flag": 3,
        "change_message": ""
      }
    },
    {
      "model": "admin.logentry",
      "pk": 138,
      "fields": {
        "action_time": "2021-02-03T04:18:56.355Z",
        "user": [
          "abhishek"
        ],
        "content_type": [
          "cars",
          "carvarient"
        ],
        "object_id": "8",
        "object_repr": "Reiciendis ipsum dicta dolorum fugit non sus-SANTRO XING",
        "action_flag": 3,
        "change_message": ""
      }
    },
    {
      "model": "admin.logentry",
      "pk": 139,
      "fields": {
        "action_time": "2021-02-03T04:18:56.386Z",
        "user": [
          "abhishek"
        ],
        "content_type": [
          "cars",
          "carvarient"
        ],
        "object_id": "7",
        "object_repr": "Architecto volu-CRUZE",
        "action_flag": 3,
        "change_message": ""
      }
    },
    {
      "model": "admin.logentry",
      "pk": 140,
      "fields": {
        "action_time": "2021-02-03T04:18:56.416Z",
        "user": [
          "abhishek"
        ],
        "content_type": [
          "cars",
          "carvarient"
        ],
        "object_id": "6",
        "object_repr": "In voluptate-SANTRO XING",
        "action_flag": 3,
        "change_message": ""
      }
    },
    {
      "model": "admin.logentry",
      "pk": 141,
      "fields": {
        "action_time": "2021-02-03T04:18:56.441Z",
        "user": [
          "abhishek"
        ],
        "content_type": [
          "cars",
          "carvarient"
        ],
        "object_id": "5",
        "object_repr": "Beatae perspiciatis deleniti quidem re-VERNA",
        "action_flag": 3,
        "change_message": ""
      }
    },
    {
      "model": "admin.logentry",
      "pk": 142,
      "fields": {
        "action_time": "2021-02-03T04:18:56.466Z",
        "user": [
          "abhishek"
        ],
        "content_type": [
          "cars",
          "carvarient"
        ],
        "object_id": "4",
        "object_repr": "Id temporibus sequi ea quis magna-XUV500",
        "action_flag": 3,
        "change_message": ""
      }
    },
    {
      "model": "admin.logentry",
      "pk": 143,
      "fields": {
        "action_time": "2021-02-03T04:18:56.492Z",
        "user": [
          "abhishek"
        ],
        "content_type": [
          "cars",
          "carvarient"
        ],
        "object_id": "3",
        "object_repr": "Ea fu-IKON",
        "action_flag": 3,
        "change_message": ""
      }
    },
    {
      "model": "admin.logentry",
      "pk": 144,
      "fields": {
        "action_time": "2021-02-03T04:18:56.553Z",
        "user": [
          "abhishek"
        ],
        "content_type": [
          "cars",
          "carvarient"
        ],
        "object_id": "2",
        "object_repr": "Velit aut neque,-Scorpio",
        "action_flag": 3,
        "change_message": ""
      }
    },
    {
      "model": "admin.logentry",
      "pk": 145,
      "fields": {
        "action_time": "2021-02-03T04:18:56.591Z",
        "user": [
          "abhishek"
        ],
        "content_type": [
          "cars",
          "carvarient"
        ],
        "object_id": "1",
        "object_repr": "Totam qui quaerat minim-AVEO U VA",
        "action_flag": 3,
        "change_message": ""
      }
    },
    {
      "model": "admin.logentry",
      "pk": 146,
      "fields": {
        "action_time": "2021-02-04T05:30:57.446Z",
        "user": [
          "abhishek"
        ],
        "content_type": [
          "cars",
          "carinstance"
        ],
        "object_id": "1",
        "object_repr": "CarInstance object (1)",
        "action_flag": 1,
        "change_message": "[{\"added\": {}}]"
      }
    },
    {
      "model": "admin.logentry",
      "pk": 147,
      "fields": {
        "action_time": "2021-02-05T05:38:49.655Z",
        "user": [
          "abhishek"
        ],
        "content_type": [
          "cars",
          "carinstance"
        ],
        "object_id": "1",
        "object_repr": "i-A6-Audi",
        "action_flag": 2,
        "change_message": "[{\"changed\": {\"fields\": [\"Reg year\"]}}]"
      }
    },
    {
      "model": "admin.logentry",
      "pk": 148,
      "fields": {
        "action_time": "2021-02-05T05:50:44.483Z",
        "user": [
          "abhishek"
        ],
        "content_type": [
          "cars",
          "carinstance"
        ],
        "object_id": "1",
        "object_repr": "2018-A6-Audi",
        "action_flag": 3,
        "change_message": ""
      }
    },
    {
      "model": "admin.logentry",
      "pk": 149,
      "fields": {
        "action_time": "2021-02-05T05:54:40.977Z",
        "user": [
          "abhishek"
        ],
        "content_type": [
          "cars",
          "carinstance"
        ],
        "object_id": "2",
        "object_repr": "2021-A4-Audi",
        "action_flag": 1,
        "change_message": "[{\"added\": {}}]"
      }
    },
    {
      "model": "admin.logentry",
      "pk": 150,
      "fields": {
        "action_time": "2021-02-05T06:10:55.536Z",
        "user": [
          "abhishek"
        ],
        "content_type": [
          "cars",
          "carinstance"
        ],
        "object_id": "2",
        "object_repr": "2021-A4-Audi",
        "action_flag": 2,
        "change_message": "[{\"changed\": {\"fields\": [\"Image\"]}}]"
      }
    },
    {
      "model": "admin.logentry",
      "pk": 151,
      "fields": {
        "action_time": "2021-02-05T06:48:20.299Z",
        "user": [
          "abhishek"
        ],
        "content_type": [
          "cars",
          "carinstance"
        ],
        "object_id": "3",
        "object_repr": "2021-A6-Audi",
        "action_flag": 1,
        "change_message": "[{\"added\": {}}]"
      }
    },
    {
      "model": "admin.logentry",
      "pk": 152,
      "fields": {
        "action_time": "2021-02-05T08:46:27.086Z",
        "user": [
          "abhishek"
        ],
        "content_type": [
          "cars",
          "carinstance"
        ],
        "object_id": "3",
        "object_repr": "2017-A6-Audi",
        "action_flag": 2,
        "change_message": "[{\"changed\": {\"fields\": [\"Reg year\"]}}]"
      }
    },
    {
      "model": "admin.logentry",
      "pk": 153,
      "fields": {
        "action_time": "2021-02-05T10:10:00.029Z",
        "user": [
          "abhishek"
        ],
        "content_type": [
          "cars",
          "carinstance"
        ],
        "object_id": "4",
        "object_repr": "2020-A4-Audi",
        "action_flag": 1,
        "change_message": "[{\"added\": {}}]"
      }
    },
    {
      "model": "admin.logentry",
      "pk": 154,
      "fields": {
        "action_time": "2021-02-05T10:11:49.833Z",
        "user": [
          "abhishek"
        ],
        "content_type": [
          "cars",
          "carinstance"
        ],
        "object_id": "5",
        "object_repr": "2019-A4-Audi",
        "action_flag": 1,
        "change_message": "[{\"added\": {}}]"
      }
    },
    {
      "model": "admin.logentry",
      "pk": 155,
      "fields": {
        "action_time": "2021-02-05T10:14:20.065Z",
        "user": [
          "abhishek"
        ],
        "content_type": [
          "cars",
          "carinstance"
        ],
        "object_id": "6",
        "object_repr": "2013-AVEO-Chevrolet",
        "action_flag": 1,
        "change_message": "[{\"added\": {}}]"
      }
    },
    {
      "model": "admin.logentry",
      "pk": 156,
      "fields": {
        "action_time": "2021-02-10T02:45:23.046Z",
        "user": [
          "abhishek"
        ],
        "content_type": [
          "cars",
          "carinstance"
        ],
        "object_id": "5",
        "object_repr": "2019-A4-Audi",
        "action_flag": 2,
        "change_message": "[{\"changed\": {\"fields\": [\"Image\"]}}]"
      }
    },
    {
      "model": "admin.logentry",
      "pk": 157,
      "fields": {
        "action_time": "2021-02-10T02:47:28.146Z",
        "user": [
          "abhishek"
        ],
        "content_type": [
          "cars",
          "carinstance"
        ],
        "object_id": "5",
        "object_repr": "2019-A4-Audi",
        "action_flag": 3,
        "change_message": ""
      }
    },
    {
      "model": "admin.logentry",
      "pk": 158,
      "fields": {
        "action_time": "2021-02-12T05:41:52.983Z",
        "user": [
          "abhishek"
        ],
        "content_type": [
          "accounts",
          "user"
        ],
        "object_id": "2",
        "object_repr": "abhi",
        "action_flag": 3,
        "change_message": ""
      }
    },
    {
      "model": "admin.logentry",
      "pk": 159,
      "fields": {
        "action_time": "2021-02-12T05:48:44.509Z",
        "user": [
          "abhishek"
        ],
        "content_type": [
          "accounts",
          "user"
        ],
        "object_id": "3",
        "object_repr": "abhii",
        "action_flag": 1,
        "change_message": "[{\"added\": {}}]"
      }
    },
    {
      "model": "admin.logentry",
      "pk": 160,
      "fields": {
        "action_time": "2021-02-12T07:15:12.635Z",
        "user": [
          "abhishek"
        ],
        "content_type": [
          "accounts",
          "user"
        ],
        "object_id": "3",
        "object_repr": "abhii",
        "action_flag": 3,
        "change_message": ""
      }
    },
    {
      "model": "admin.logentry",
      "pk": 161,
      "fields": {
        "action_time": "2021-02-12T07:15:48.303Z",
        "user": [
          "abhishek"
        ],
        "content_type": [
          "accounts",
          "user"
        ],
        "object_id": "4",
        "object_repr": "abhi",
        "action_flag": 1,
        "change_message": "[{\"added\": {}}]"
      }
    },
    {
      "model": "admin.logentry",
      "pk": 162,
      "fields": {
        "action_time": "2021-02-15T05:17:07.198Z",
        "user": [
          "abhishek"
        ],
        "content_type": [
          "cars",
          "carinstance"
        ],
        "object_id": "1",
        "object_repr": "2021-A4-Audi",
        "action_flag": 1,
        "change_message": "[{\"added\": {}}]"
      }
    },
    {
      "model": "admin.logentry",
      "pk": 163,
      "fields": {
        "action_time": "2021-02-15T07:24:58.829Z",
        "user": [
          "abhishek"
        ],
        "content_type": [
          "cars",
          "carinstance"
        ],
        "object_id": "2",
        "object_repr": "2020-A4-Audi",
        "action_flag": 1,
        "change_message": "[{\"added\": {}}]"
      }
    },
    {
      "model": "admin.logentry",
      "pk": 164,
      "fields": {
        "action_time": "2021-02-15T07:31:50.672Z",
        "user": [
          "abhishek"
        ],
        "content_type": [
          "cars",
          "carinstance"
        ],
        "object_id": "1",
        "object_repr": "2021-A4-Audi",
        "action_flag": 2,
        "change_message": "[{\"changed\": {\"fields\": [\"Added by\"]}}]"
      }
    },
    {
      "model": "admin.logentry",
      "pk": 165,
      "fields": {
        "action_time": "2021-02-15T07:32:23.473Z",
        "user": [
          "abhishek"
        ],
        "content_type": [
          "cars",
          "carinstance"
        ],
        "object_id": "1",
        "object_repr": "2021-A4-Audi",
        "action_flag": 2,
        "change_message": "[{\"changed\": {\"fields\": [\"Added by\"]}}]"
      }
    },
    {
      "model": "admin.logentry",
      "pk": 166,
      "fields": {
        "action_time": "2021-02-16T06:08:56.022Z",
        "user": [
          "abhishek"
        ],
        "content_type": [
          "accounts",
          "user"
        ],
        "object_id": "8",
        "object_repr": "bank1",
        "action_flag": 1,
        "change_message": "[{\"added\": {}}]"
      }
    },
    {
      "model": "admin.logentry",
      "pk": 167,
      "fields": {
        "action_time": "2021-02-17T03:26:12.905Z",
        "user": [
          "abhishek"
        ],
        "content_type": [
          "loan",
          "loaninstance"
        ],
        "object_id": "1",
        "object_repr": "2021-A4-Audi-abhi",
        "action_flag": 1,
        "change_message": "[{\"added\": {}}]"
      }
    },
    {
      "model": "admin.logentry",
      "pk": 168,
      "fields": {
        "action_time": "2021-02-17T03:52:27.084Z",
        "user": [
          "abhishek"
        ],
        "content_type": [
          "loan",
          "loaninstance"
        ],
        "object_id": "3",
        "object_repr": "2020-A4-Audi-abhishek",
        "action_flag": 3,
        "change_message": ""
      }
    },
    {
      "model": "admin.logentry",
      "pk": 169,
      "fields": {
        "action_time": "2021-02-17T03:52:27.225Z",
        "user": [
          "abhishek"
        ],
        "content_type": [
          "loan",
          "loaninstance"
        ],
        "object_id": "2",
        "object_repr": "2020-A4-Audi-abhishek",
        "action_flag": 3,
        "change_message": ""
      }
    },
    {
      "model": "admin.logentry",
      "pk": 170,
      "fields": {
        "action_time": "2021-02-17T04:30:19.971Z",
        "user": [
          "abhishek"
        ],
        "content_type": [
          "accounts",
          "user"
        ],
        "object_id": "9",
        "object_repr": "abc",
        "action_flag": 1,
        "change_message": "[{\"added\": {}}]"
      }
    },
    {
      "model": "admin.logentry",
      "pk": 171,
      "fields": {
        "action_time": "2021-02-17T04:56:22.691Z",
        "user": [
          "abhishek"
        ],
        "content_type": [
          "accounts",
          "user"
        ],
        "object_id": "10",
        "object_repr": "abcd",
        "action_flag": 1,
        "change_message": "[{\"added\": {}}]"
      }
    },
    {
      "model": "admin.logentry",
      "pk": 172,
      "fields": {
        "action_time": "2021-02-17T05:08:32.497Z",
        "user": [
          "abhishek"
        ],
        "content_type": [
          "accounts",
          "user"
        ],
        "object_id": "12",
        "object_repr": "asdfg",
        "action_flag": 1,
        "change_message": "[{\"added\": {}}]"
      }
    },
    {
      "model": "admin.logentry",
      "pk": 173,
      "fields": {
        "action_time": "2021-02-17T05:51:40.536Z",
        "user": [
          "abhishek"
        ],
        "content_type": [
          "accounts",
          "user"
        ],
        "object_id": "17",
        "object_repr": "zxcv",
        "action_flag": 1,
        "change_message": "[{\"added\": {}}]"
      }
    },
    {
      "model": "admin.logentry",
      "pk": 174,
      "fields": {
        "action_time": "2021-02-17T06:00:14.006Z",
        "user": [
          "abhishek"
        ],
        "content_type": [
          "accounts",
          "user"
        ],
        "object_id": "17",
        "object_repr": "zxcv",
        "action_flag": 2,
        "change_message": "[{\"changed\": {\"fields\": [\"First name\", \"Last name\", \"Email\", \"Phone number\", \"Phone number verified\", \"Is bank\"]}}]"
      }
    },
    {
      "model": "admin.logentry",
      "pk": 175,
      "fields": {
        "action_time": "2021-02-17T06:00:51.833Z",
        "user": [
          "abhishek"
        ],
        "content_type": [
          "accounts",
          "user"
        ],
        "object_id": "9",
        "object_repr": "abc",
        "action_flag": 3,
        "change_message": ""
      }
    },
    {
      "model": "admin.logentry",
      "pk": 176,
      "fields": {
        "action_time": "2021-02-17T06:00:51.963Z",
        "user": [
          "abhishek"
        ],
        "content_type": [
          "accounts",
          "user"
        ],
        "object_id": "10",
        "object_repr": "abcd",
        "action_flag": 3,
        "change_message": ""
      }
    },
    {
      "model": "admin.logentry",
      "pk": 177,
      "fields": {
        "action_time": "2021-02-17T06:00:52.041Z",
        "user": [
          "abhishek"
        ],
        "content_type": [
          "accounts",
          "user"
        ],
        "object_id": "12",
        "object_repr": "asdfg",
        "action_flag": 3,
        "change_message": ""
      }
    },
    {
      "model": "admin.logentry",
      "pk": 178,
      "fields": {
        "action_time": "2021-02-17T06:01:09.329Z",
        "user": [
          "abhishek"
        ],
        "content_type": [
          "accounts",
          "user"
        ],
        "object_id": "8",
        "object_repr": "bank1",
        "action_flag": 3,
        "change_message": ""
      }
    },
    {
      "model": "admin.logentry",
      "pk": 179,
      "fields": {
        "action_time": "2021-02-17T06:01:09.460Z",
        "user": [
          "abhishek"
        ],
        "content_type": [
          "accounts",
          "user"
        ],
        "object_id": "17",
        "object_repr": "zxcv",
        "action_flag": 3,
        "change_message": ""
      }
    },
    {
      "model": "admin.logentry",
      "pk": 180,
      "fields": {
        "action_time": "2021-02-17T06:01:33.674Z",
        "user": [
          "abhishek"
        ],
        "content_type": [
          "accounts",
          "user"
        ],
        "object_id": "18",
        "object_repr": "bank1",
        "action_flag": 1,
        "change_message": "[{\"added\": {}}]"
      }
    },
    {
      "model": "admin.logentry",
      "pk": 181,
      "fields": {
        "action_time": "2021-02-17T06:02:26.949Z",
        "user": [
          "abhishek"
        ],
        "content_type": [
          "accounts",
          "user"
        ],
        "object_id": "18",
        "object_repr": "bank1",
        "action_flag": 2,
        "change_message": "[{\"changed\": {\"fields\": [\"First name\", \"Last name\", \"Email\", \"Phone number\", \"Phone number verified\", \"Is bank\"]}}]"
      }
    },
    {
      "model": "admin.logentry",
      "pk": 182,
      "fields": {
        "action_time": "2021-02-17T06:32:16.362Z",
        "user": [
          "abhishek"
        ],
        "content_type": [
          "accounts",
          "user"
        ],
        "object_id": "19",
        "object_repr": "bank2",
        "action_flag": 1,
        "change_message": "[{\"added\": {}}]"
      }
    },
    {
      "model": "admin.logentry",
      "pk": 183,
      "fields": {
        "action_time": "2021-02-17T06:33:04.325Z",
        "user": [
          "abhishek"
        ],
        "content_type": [
          "accounts",
          "user"
        ],
        "object_id": "19",
        "object_repr": "bank2",
        "action_flag": 2,
        "change_message": "[{\"changed\": {\"fields\": [\"First name\", \"Last name\", \"Email\", \"Phone number\", \"Is bank\"]}}]"
      }
    },
    {
      "model": "admin.logentry",
      "pk": 184,
      "fields": {
        "action_time": "2021-02-17T06:42:52.715Z",
        "user": [
          "abhishek"
        ],
        "content_type": [
          "accounts",
          "user"
        ],
        "object_id": "20",
        "object_repr": "bank3",
        "action_flag": 1,
        "change_message": "[{\"added\": {}}]"
      }
    },
    {
      "model": "admin.logentry",
      "pk": 185,
      "fields": {
        "action_time": "2021-02-17T06:48:05.886Z",
        "user": [
          "abhishek"
        ],
        "content_type": [
          "accounts",
          "user"
        ],
        "object_id": "20",
        "object_repr": "bank3",
        "action_flag": 2,
        "change_message": "[{\"changed\": {\"fields\": [\"First name\", \"Last name\", \"Email\", \"Phone number\", \"Is bank\"]}}]"
      }
    },
    {
      "model": "admin.logentry",
      "pk": 186,
      "fields": {
        "action_time": "2021-02-17T06:53:49.594Z",
        "user": [
          "abhishek"
        ],
        "content_type": [
          "loan",
          "bankprofile"
        ],
        "object_id": "9",
        "object_repr": "bank3",
        "action_flag": 3,
        "change_message": ""
      }
    },
    {
      "model": "admin.logentry",
      "pk": 187,
      "fields": {
        "action_time": "2021-02-17T06:53:49.869Z",
        "user": [
          "abhishek"
        ],
        "content_type": [
          "loan",
          "bankprofile"
        ],
        "object_id": "8",
        "object_repr": "bank3",
        "action_flag": 3,
        "change_message": ""
      }
    },
    {
      "model": "admin.logentry",
      "pk": 188,
      "fields": {
        "action_time": "2021-02-17T06:54:51.268Z",
        "user": [
          "abhishek"
        ],
        "content_type": [
          "accounts",
          "user"
        ],
        "object_id": "20",
        "object_repr": "bank3",
        "action_flag": 3,
        "change_message": ""
      }
    },
    {
      "model": "admin.logentry",
      "pk": 189,
      "fields": {
        "action_time": "2021-02-17T06:55:35.588Z",
        "user": [
          "abhishek"
        ],
        "content_type": [
          "accounts",
          "user"
        ],
        "object_id": "21",
        "object_repr": "bank3",
        "action_flag": 1,
        "change_message": "[{\"added\": {}}]"
      }
    },
    {
      "model": "admin.logentry",
      "pk": 190,
      "fields": {
        "action_time": "2021-02-17T06:56:41.870Z",
        "user": [
          "abhishek"
        ],
        "content_type": [
          "accounts",
          "user"
        ],
        "object_id": "21",
        "object_repr": "bank3",
        "action_flag": 2,
        "change_message": "[{\"changed\": {\"fields\": [\"First name\", \"Last name\", \"Email\", \"Is bank\"]}}]"
      }
    },
    {
      "model": "admin.logentry",
      "pk": 191,
      "fields": {
        "action_time": "2021-02-17T09:15:10.856Z",
        "user": [
          "abhishek"
        ],
        "content_type": [
          "accounts",
          "user"
        ],
        "object_id": "23",
        "object_repr": "asj",
        "action_flag": 1,
        "change_message": "[{\"added\": {}}]"
      }
    },
    {
      "model": "admin.logentry",
      "pk": 192,
      "fields": {
        "action_time": "2021-02-17T09:15:30.911Z",
        "user": [
          "abhishek"
        ],
        "content_type": [
          "loan",
          "bankprofile"
        ],
        "object_id": "11",
        "object_repr": "bank3",
        "action_flag": 3,
        "change_message": ""
      }
    },
    {
      "model": "admin.logentry",
      "pk": 193,
      "fields": {
        "action_time": "2021-02-17T09:15:31.935Z",
        "user": [
          "abhishek"
        ],
        "content_type": [
          "loan",
          "bankprofile"
        ],
        "object_id": "10",
        "object_repr": "bank3",
        "action_flag": 3,
        "change_message": ""
      }
    },
    {
      "model": "admin.logentry",
      "pk": 194,
      "fields": {
        "action_time": "2021-02-17T09:15:32.141Z",
        "user": [
          "abhishek"
        ],
        "content_type": [
          "loan",
          "bankprofile"
        ],
        "object_id": "5",
        "object_repr": "bank2",
        "action_flag": 3,
        "change_message": ""
      }
    },
    {
      "model": "admin.logentry",
      "pk": 195,
      "fields": {
        "action_time": "2021-02-17T09:15:50.954Z",
        "user": [
          "abhishek"
        ],
        "content_type": [
          "accounts",
          "user"
        ],
        "object_id": "23",
        "object_repr": "asj",
        "action_flag": 3,
        "change_message": ""
      }
    },
    {
      "model": "admin.logentry",
      "pk": 196,
      "fields": {
        "action_time": "2021-02-17T09:15:50.981Z",
        "user": [
          "abhishek"
        ],
        "content_type": [
          "accounts",
          "user"
        ],
        "object_id": "19",
        "object_repr": "bank2",
        "action_flag": 3,
        "change_message": ""
      }
    },
    {
      "model": "admin.logentry",
      "pk": 197,
      "fields": {
        "action_time": "2021-02-17T09:15:51.019Z",
        "user": [
          "abhishek"
        ],
        "content_type": [
          "accounts",
          "user"
        ],
        "object_id": "21",
        "object_repr": "bank3",
        "action_flag": 3,
        "change_message": ""
      }
    },
    {
      "model": "admin.logentry",
      "pk": 198,
      "fields": {
        "action_time": "2021-02-17T09:16:10.748Z",
        "user": [
          "abhishek"
        ],
        "content_type": [
          "accounts",
          "user"
        ],
        "object_id": "18",
        "object_repr": "bank1",
        "action_flag": 3,
        "change_message": ""
      }
    },
    {
      "model": "admin.logentry",
      "pk": 199,
      "fields": {
        "action_time": "2021-02-17T09:16:34.481Z",
        "user": [
          "abhishek"
        ],
        "content_type": [
          "accounts",
          "user"
        ],
        "object_id": "24",
        "object_repr": "bank1",
        "action_flag": 1,
        "change_message": "[{\"added\": {}}]"
      }
    },
    {
      "model": "admin.logentry",
      "pk": 200,
      "fields": {
        "action_time": "2021-02-17T09:17:12.592Z",
        "user": [
          "abhishek"
        ],
        "content_type": [
          "accounts",
          "user"
        ],
        "object_id": "24",
        "object_repr": "bank1",
        "action_flag": 2,
        "change_message": "[{\"changed\": {\"fields\": [\"First name\", \"Last name\", \"Email\", \"Phone number\"]}}]"
      }
    },
    {
      "model": "admin.logentry",
      "pk": 201,
      "fields": {
        "action_time": "2021-02-17T09:17:29.561Z",
        "user": [
          "abhishek"
        ],
        "content_type": [
          "accounts",
          "user"
        ],
        "object_id": "24",
        "object_repr": "bank1",
        "action_flag": 2,
        "change_message": "[{\"changed\": {\"fields\": [\"Is bank\"]}}]"
      }
    },
    {
      "model": "admin.logentry",
      "pk": 202,
      "fields": {
        "action_time": "2021-02-17T09:22:07.417Z",
        "user": [
          "abhishek"
        ],
        "content_type": [
          "loan",
          "bankprofile"
        ],
        "object_id": "13",
        "object_repr": "bank1",
        "action_flag": 3,
        "change_message": ""
      }
    },
    {
      "model": "admin.logentry",
      "pk": 203,
      "fields": {
        "action_time": "2021-02-17T09:22:08.459Z",
        "user": [
          "abhishek"
        ],
        "content_type": [
          "loan",
          "bankprofile"
        ],
        "object_id": "12",
        "object_repr": "bank1",
        "action_flag": 3,
        "change_message": ""
      }
    },
    {
      "model": "admin.logentry",
      "pk": 204,
      "fields": {
        "action_time": "2021-02-17T09:51:09.090Z",
        "user": [
          "abhishek"
        ],
        "content_type": [
          "accounts",
          "user"
        ],
        "object_id": "25",
        "object_repr": "bank2",
        "action_flag": 1,
        "change_message": "[{\"added\": {}}]"
      }
    },
    {
      "model": "admin.logentry",
      "pk": 205,
      "fields": {
        "action_time": "2021-02-17T09:56:41.035Z",
        "user": [
          "abhishek"
        ],
        "content_type": [
          "loan",
          "bankprofile"
        ],
        "object_id": "14",
        "object_repr": "bank2",
        "action_flag": 1,
        "change_message": "[{\"added\": {}}]"
      }
    },
    {
      "model": "admin.logentry",
      "pk": 206,
      "fields": {
        "action_time": "2021-02-17T10:24:49.183Z",
        "user": [
          "abhishek"
        ],
        "content_type": [
          "loan",
          "bankprofile"
        ],
        "object_id": "14",
        "object_repr": "bank2",
        "action_flag": 3,
        "change_message": ""
      }
    },
    {
      "model": "admin.logentry",
      "pk": 207,
      "fields": {
        "action_time": "2021-02-17T10:25:06.999Z",
        "user": [
          "abhishek"
        ],
        "content_type": [
          "accounts",
          "user"
        ],
        "object_id": "24",
        "object_repr": "bank1",
        "action_flag": 3,
        "change_message": ""
      }
    },
    {
      "model": "admin.logentry",
      "pk": 208,
      "fields": {
        "action_time": "2021-02-17T10:25:07.025Z",
        "user": [
          "abhishek"
        ],
        "content_type": [
          "accounts",
          "user"
        ],
        "object_id": "25",
        "object_repr": "bank2",
        "action_flag": 3,
        "change_message": ""
      }
    },
    {
      "model": "admin.logentry",
      "pk": 209,
      "fields": {
        "action_time": "2021-02-17T10:25:35.054Z",
        "user": [
          "abhishek"
        ],
        "content_type": [
          "accounts",
          "user"
        ],
        "object_id": "26",
        "object_repr": "abcd",
        "action_flag": 1,
        "change_message": "[{\"added\": {}}]"
      }
    },
    {
      "model": "admin.logentry",
      "pk": 210,
      "fields": {
        "action_time": "2021-02-17T10:26:07.298Z",
        "user": [
          "abhishek"
        ],
        "content_type": [
          "accounts",
          "user"
        ],
        "object_id": "26",
        "object_repr": "abcd",
        "action_flag": 2,
        "change_message": "[{\"changed\": {\"fields\": [\"First name\", \"Last name\", \"Email\", \"Phone number\", \"Is bank\"]}}]"
      }
    },
    {
      "model": "admin.logentry",
      "pk": 211,
      "fields": {
        "action_time": "2021-02-18T03:02:43.439Z",
        "user": [
          "abhishek"
        ],
        "content_type": [
          "loan",
          "loaninstance"
        ],
        "object_id": "5",
        "object_repr": "2021-A4-Audi-abhishek",
        "action_flag": 1,
        "change_message": "[{\"added\": {}}]"
      }
    },
    {
      "model": "admin.logentry",
      "pk": 212,
      "fields": {
        "action_time": "2021-02-18T03:47:00.793Z",
        "user": [
          "abhishek"
        ],
        "content_type": [
          "loan",
          "loaninstance"
        ],
        "object_id": "5",
        "object_repr": "2021-A4-Audi-abhishek",
        "action_flag": 3,
        "change_message": ""
      }
    },
    {
      "model": "admin.logentry",
      "pk": 213,
      "fields": {
        "action_time": "2021-02-18T03:49:46.123Z",
        "user": [
          "abhishek"
        ],
        "content_type": [
          "loan",
          "loaninstance"
        ],
        "object_id": "6",
        "object_repr": "2021-A4-Audi-abhishek",
        "action_flag": 1,
        "change_message": "[{\"added\": {}}]"
      }
    },
    {
      "model": "admin.logentry",
      "pk": 214,
      "fields": {
        "action_time": "2021-02-18T03:58:19.040Z",
        "user": [
          "abhishek"
        ],
        "content_type": [
          "loan",
          "loaninstance"
        ],
        "object_id": "6",
        "object_repr": "2021-A4-Audi-abhishek",
        "action_flag": 2,
        "change_message": "[{\"changed\": {\"fields\": [\"Income proof\"]}}]"
      }
    },
    {
      "model": "admin.logentry",
      "pk": 215,
      "fields": {
        "action_time": "2021-02-18T05:11:38.036Z",
        "user": [
          "abhishek"
        ],
        "content_type": [
          "loan",
          "loaninstance"
        ],
        "object_id": "6",
        "object_repr": "2021-A4-Audi-abhishek",
        "action_flag": 2,
        "change_message": "[{\"changed\": {\"fields\": [\"Approved\"]}}]"
      }
    },
    {
      "model": "admin.logentry",
      "pk": 216,
      "fields": {
        "action_time": "2021-02-18T05:25:42.056Z",
        "user": [
          "abhishek"
        ],
        "content_type": [
          "loan",
          "loaninstance"
        ],
        "object_id": "6",
        "object_repr": "2021-A4-Audi-abhishek",
        "action_flag": 2,
        "change_message": "[{\"changed\": {\"fields\": [\"Rejected\"]}}]"
      }
    },
    {
      "model": "admin.logentry",
      "pk": 217,
      "fields": {
        "action_time": "2021-02-18T05:30:54.198Z",
        "user": [
          "abhishek"
        ],
        "content_type": [
          "loan",
          "loaninstance"
        ],
        "object_id": "6",
        "object_repr": "2021-A4-Audi-abhishek",
        "action_flag": 2,
        "change_message": "[{\"changed\": {\"fields\": [\"Rejected\"]}}]"
      }
    },
    {
      "model": "admin.logentry",
      "pk": 218,
      "fields": {
        "action_time": "2021-02-18T05:42:49.662Z",
        "user": [
          "abhishek"
        ],
        "content_type": [
          "loan",
          "loaninstance"
        ],
        "object_id": "6",
        "object_repr": "2021-A4-Audi-abhishek",
        "action_flag": 2,
        "change_message": "[{\"changed\": {\"fields\": [\"Approved\"]}}]"
      }
    },
    {
      "model": "admin.logentry",
      "pk": 219,
      "fields": {
        "action_time": "2021-02-19T06:08:58.625Z",
        "user": [
          "abhishek"
        ],
        "content_type": [
          "accounts",
          "user"
        ],
        "object_id": "27",
        "object_repr": "cardealer1",
        "action_flag": 1,
        "change_message": "[{\"added\": {}}]"
      }
    },
    {
      "model": "admin.logentry",
      "pk": 220,
      "fields": {
        "action_time": "2021-02-19T06:09:57.802Z",
        "user": [
          "abhishek"
        ],
        "content_type": [
          "accounts",
          "user"
        ],
        "object_id": "27",
        "object_repr": "cardealer1",
        "action_flag": 2,
        "change_message": "[{\"changed\": {\"fields\": [\"First name\", \"Last name\", \"Email\", \"Phone number\", \"Is new cardealer\"]}}]"
      }
    },
    {
      "model": "admin.logentry",
      "pk": 221,
      "fields": {
        "action_time": "2021-02-22T10:19:31.307Z",
        "user": [
          "abhishek"
        ],
        "content_type": [
          "cars",
          "carinstance"
        ],
        "object_id": "3",
        "object_repr": "2021-Q7-Audi",
        "action_flag": 1,
        "change_message": "[{\"added\": {}}]"
      }
    },
    {
      "model": "admin.logentry",
      "pk": 222,
      "fields": {
        "action_time": "2021-02-22T10:34:20.052Z",
        "user": [
          "abhishek"
        ],
        "content_type": [
          "cars",
          "carinstance"
        ],
        "object_id": "4",
        "object_repr": "2021-AVEO U VA-Chevrolet",
        "action_flag": 1,
        "change_message": "[{\"added\": {}}]"
      }
    },
    {
      "model": "admin.logentry",
      "pk": 223,
      "fields": {
        "action_time": "2021-02-24T06:31:07.341Z",
        "user": [
          "abhishek"
        ],
        "content_type": [
          "cars",
          "carinstance"
        ],
        "object_id": "5",
        "object_repr": "2021-LINEA-Fiat",
        "action_flag": 1,
        "change_message": "[{\"added\": {}}]"
      }
    },
    {
      "model": "admin.logentry",
      "pk": 224,
      "fields": {
        "action_time": "2021-02-25T06:18:17.674Z",
        "user": [
          "abhishek"
        ],
        "content_type": [
          "accounts",
          "user"
        ],
        "object_id": "1",
        "object_repr": "abhishek",
        "action_flag": 2,
        "change_message": "[{\"changed\": {\"fields\": [\"First name\", \"Last name\", \"Email\", \"Phone number\"]}}]"
      }
    }
    ]