[{"model": "cars.city", "pk": 1, "fields": {"city_name": "Ahmedabad"}}, {"model": "cars.city", "pk": 2, "fields": {"city_name": "Banglore"}}, {"model": "cars.city", "pk": 3, "fields": {"city_name": "Chennai"}}, {"model": "cars.city", "pk": 4, "fields": {"city_name": "Delhi"}}, {"model": "cars.city", "pk": 5, "fields": {"city_name": "Hyderabad"}}, {"model": "cars.city", "pk": 6, "fields": {"city_name": "Jaipur"}}, {"model": "cars.city", "pk": 7, "fields": {"city_name": "Lucknow"}}, {"model": "cars.city", "pk": 8, "fields": {"city_name": "Mumbai"}}, {"model": "cars.city", "pk": 9, "fields": {"city_name": "Pune"}}, {"model": "cars.city", "pk": 10, "fields": {"city_name": "Rajkot"}}, {"model": "cars.city", "pk": 11, "fields": {"city_name": "Surat"}}, {"model": "cars.city", "pk": 12, "fields": {"city_name": "Vadodara"}}, {"model": "cars.carcompany", "pk": 1, "fields": {"company_name": "Audi", "company_logo": "media/company-logo/audi_NIChHQh.png"}}, {"model": "cars.carcompany", "pk": 2, "fields": {"company_name": "Chevrolet", "company_logo": "media/company-logo/chevrolet_8xiuupu.png"}}, {"model": "cars.carcompany", "pk": 3, "fields": {"company_name": "Fiat", "company_logo": "media/company-logo/fiat_bomfMKd.png"}}, {"model": "cars.carcompany", "pk": 4, "fields": {"company_name": "Ford", "company_logo": "media/company-logo/ford_giSqPyj.png"}}, {"model": "cars.carcompany", "pk": 5, "fields": {"company_name": "Honda", "company_logo": "media/company-logo/honda_dvYq7YC.png"}}, {"model": "cars.carcompany", "pk": 6, "fields": {"company_name": "Hyundai", "company_logo": "media/company-logo/hyundai_muxQQKo.png"}}, {"model": "cars.carcompany", "pk": 7, "fields": {"company_name": "Mahindra", "company_logo": "media/company-logo/mahindra_Up6GphT.png"}}, {"model": "cars.carcompany", "pk": 8, "fields": {"company_name": "Maruti-suzuki", "company_logo": "media/company-logo/maruti-suzuki_7oT7Zzb.png"}}, {"model": "cars.carcompany", "pk": 9, "fields": {"company_name": "Mercedes-benz", "company_logo": "media/company-logo/mercedes-benz_nafwSD5.png"}}, {"model": "cars.carcompany", "pk": 10, "fields": {"company_name": "Nissan", "company_logo": "media/company-logo/nissan_YENEiGp.png"}}, {"model": "cars.carcompany", "pk": 11, "fields": {"company_name": "Renault", "company_logo": "media/company-logo/renault_19Euv30.png"}}, {"model": "cars.carcompany", "pk": 12, "fields": {"company_name": "Skoda", "company_logo": "media/company-logo/skoda_1BptCdP.png"}}, {"model": "cars.carcompany", "pk": 13, "fields": {"company_name": "Tata", "company_logo": "media/company-logo/tata_vPi5jIt.png"}}, {"model": "cars.carcompany", "pk": 14, "fields": {"company_name": "Toyota", "company_logo": "media/company-logo/toyota_0Apy7Ly.png"}}, {"model": "cars.carcompany", "pk": 15, "fields": {"company_name": "Volkswagen", "company_logo": "media/company-logo/volkswagen_sphxqXP.png"}}, {"model": "cars.carmodel", "pk": 2, "fields": {"car_model_name": "A4", "car_company": 1}}, {"model": "cars.carmodel", "pk": 3, "fields": {"car_model_name": "A6", "car_company": 1}}, {"model": "cars.carmodel", "pk": 4, "fields": {"car_model_name": "Q3", "car_company": 1}}, {"model": "cars.carmodel", "pk": 5, "fields": {"car_model_name": "Q5", "car_company": 1}}, {"model": "cars.carmodel", "pk": 6, "fields": {"car_model_name": "Q7", "car_company": 1}}, {"model": "cars.carmodel", "pk": 7, "fields": {"car_model_name": "AVEO", "car_company": 2}}, {"model": "cars.carmodel", "pk": 8, "fields": {"car_model_name": "AVEO U VA", "car_company": 2}}, {"model": "cars.carmodel", "pk": 9, "fields": {"car_model_name": "BEAT", "car_company": 2}}, {"model": "cars.carmodel", "pk": 10, "fields": {"car_model_name": "CRUZE", "car_company": 2}}, {"model": "cars.carmodel", "pk": 11, "fields": {"car_model_name": "SPARK", "car_company": 2}}, {"model": "cars.carmodel", "pk": 12, "fields": {"car_model_name": "GRAND PUNTO", "car_company": 3}}, {"model": "cars.carmodel", "pk": 13, "fields": {"car_model_name": "PALIO", "car_company": 3}}, {"model": "cars.carmodel", "pk": 14, "fields": {"car_model_name": "PALIO STILE", "car_company": 3}}, {"model": "cars.carmodel", "pk": 15, "fields": {"car_model_name": "LINEA", "car_company": 3}}, {"model": "cars.carmodel", "pk": 16, "fields": {"car_model_name": "PUNTO EVO", "car_company": 3}}, {"model": "cars.carmodel", "pk": 17, "fields": {"car_model_name": "ECOSPORT", "car_company": 4}}, {"model": "cars.carmodel", "pk": 18, "fields": {"car_model_name": "FIGO", "car_company": 4}}, {"model": "cars.carmodel", "pk": 19, "fields": {"car_model_name": "ENDEAVOUR", "car_company": 4}}, {"model": "cars.carmodel", "pk": 20, "fields": {"car_model_name": "FIESTA", "car_company": 4}}, {"model": "cars.carmodel", "pk": 21, "fields": {"car_model_name": "IKON", "car_company": 4}}, {"model": "cars.carmodel", "pk": 22, "fields": {"car_model_name": "AMAZE", "car_company": 5}}, {"model": "cars.carmodel", "pk": 23, "fields": {"car_model_name": "BRIO", "car_company": 5}}, {"model": "cars.carmodel", "pk": 24, "fields": {"car_model_name": "CITY", "car_company": 5}}, {"model": "cars.carmodel", "pk": 25, "fields": {"car_model_name": "CIVIC", "car_company": 5}}, {"model": "cars.carmodel", "pk": 26, "fields": {"car_model_name": "GRAND I 10", "car_company": 6}}, {"model": "cars.carmodel", "pk": 27, "fields": {"car_model_name": "I10", "car_company": 6}}, {"model": "cars.carmodel", "pk": 28, "fields": {"car_model_name": "I20", "car_company": 6}}, {"model": "cars.carmodel", "pk": 29, "fields": {"car_model_name": "SANTRO XING", "car_company": 6}}, {"model": "cars.carmodel", "pk": 30, "fields": {"car_model_name": "VERNA", "car_company": 6}}, {"model": "cars.carmodel", "pk": 31, "fields": {"car_model_name": "BOLERO", "car_company": 7}}, {"model": "cars.carmodel", "pk": 32, "fields": {"car_model_name": "KUV100", "car_company": 7}}, {"model": "cars.carmodel", "pk": 33, "fields": {"car_model_name": "XUV500", "car_company": 7}}, {"model": "cars.carmodel", "pk": 34, "fields": {"car_model_name": "Scorpio", "car_company": 7}}, {"model": "cars.carmodel", "pk": 35, "fields": {"car_model_name": "XYLO", "car_company": 7}}, {"model": "cars.carmodel", "pk": 36, "fields": {"car_model_name": "ALTO", "car_company": 8}}, {"model": "cars.carmodel", "pk": 37, "fields": {"car_model_name": "SWIFT", "car_company": 8}}, {"model": "cars.carmodel", "pk": 38, "fields": {"car_model_name": "SWIFT DZIRE", "car_company": 8}}, {"model": "cars.carmodel", "pk": 39, "fields": {"car_model_name": "WAGON R", "car_company": 8}}, {"model": "cars.carmodel", "pk": 40, "fields": {"car_model_name": "WAGON R 1.0", "car_company": 8}}, {"model": "cars.carmodel", "pk": 41, "fields": {"car_model_name": "B CLASS", "car_company": 9}}, {"model": "cars.carmodel", "pk": 42, "fields": {"car_model_name": "C CLASS", "car_company": 9}}, {"model": "cars.carmodel", "pk": 43, "fields": {"car_model_name": "ML CLASS", "car_company": 9}}, {"model": "cars.carmodel", "pk": 44, "fields": {"car_model_name": "S CLASS", "car_company": 9}}, {"model": "cars.carmodel", "pk": 45, "fields": {"car_model_name": "MICRA", "car_company": 10}}, {"model": "cars.carmodel", "pk": 46, "fields": {"car_model_name": "SUNNY", "car_company": 10}}, {"model": "cars.carmodel", "pk": 47, "fields": {"car_model_name": "MICRA ACTIVE", "car_company": 10}}, {"model": "cars.carmodel", "pk": 48, "fields": {"car_model_name": "DUSTER", "car_company": 11}}, {"model": "cars.carmodel", "pk": 49, "fields": {"car_model_name": "KWID", "car_company": 11}}, {"model": "cars.carmodel", "pk": 50, "fields": {"car_model_name": "SCALA", "car_company": 11}}, {"model": "cars.carmodel", "pk": 51, "fields": {"car_model_name": "FABIA", "car_company": 12}}, {"model": "cars.carmodel", "pk": 52, "fields": {"car_model_name": "SUPERB", "car_company": 12}}, {"model": "cars.carmodel", "pk": 53, "fields": {"car_model_name": "RAPID", "car_company": 12}}, {"model": "cars.carmodel", "pk": 54, "fields": {"car_model_name": "ALTROZ", "car_company": 13}}, {"model": "cars.carmodel", "pk": 55, "fields": {"car_model_name": "SAFARI", "car_company": 13}}, {"model": "cars.carmodel", "pk": 56, "fields": {"car_model_name": "MANZA", "car_company": 13}}, {"model": "cars.carmodel", "pk": 57, "fields": {"car_model_name": "SUMO", "car_company": 13}}, {"model": "cars.carmodel", "pk": 58, "fields": {"car_model_name": "NANO", "car_company": 13}}, {"model": "cars.carmodel", "pk": 59, "fields": {"car_model_name": "INDICA V2", "car_company": 13}}, {"model": "cars.carmodel", "pk": 60, "fields": {"car_model_name": "ETIOS", "car_company": 14}}, {"model": "cars.carmodel", "pk": 61, "fields": {"car_model_name": "FORTUNER", "car_company": 14}}, {"model": "cars.carmodel", "pk": 62, "fields": {"car_model_name": "INNOVA", "car_company": 14}}, {"model": "cars.carmodel", "pk": 63, "fields": {"car_model_name": "JETTA", "car_company": 15}}, {"model": "cars.carmodel", "pk": 64, "fields": {"car_model_name": "POLO", "car_company": 15}}, {"model": "cars.carmodel", "pk": 65, "fields": {"car_model_name": "VENTO", "car_company": 15}}, {"model": "cars.carvarient", "pk": 51, "fields": {"car_model": 61, "Varient_name": "Sit fuga vitae beatae expl"}}, {"model": "cars.carvarient", "pk": 52, "fields": {"car_model": 10, "Varient_name": "Corrupti saepe voluptate nesciunt eli"}}, {"model": "cars.carvarient", "pk": 53, "fields": {"car_model": 59, "Varient_name": "Dolorib"}}, {"model": "cars.carvarient", "pk": 54, "fields": {"car_model": 47, "Varient_name": "Exercitationem libero assumenda error? Reiciendis"}}, {"model": "cars.carvarient", "pk": 55, "fields": {"car_model": 16, "Varient_name": "Temporibus iusto consequatur architec"}}, {"model": "cars.carvarient", "pk": 56, "fields": {"car_model": 11, "Varient_name": "Sapiente quas incidunt ratione dignissimos i"}}, {"model": "cars.carvarient", "pk": 57, "fields": {"car_model": 57, "Varient_name": "Vel conse"}}, {"model": "cars.carvarient", "pk": 58, "fields": {"car_model": 62, "Varient_name": "Dolorem veritatis rem quod dict"}}, {"model": "cars.carvarient", "pk": 59, "fields": {"car_model": 43, "Varient_name": "Ipsum eos voluptas dol"}}, {"model": "cars.carvarient", "pk": 60, "fields": {"car_model": 50, "Varient_name": "Eos molestias officia nemo esse del"}}, {"model": "cars.carvarient", "pk": 61, "fields": {"car_model": 37, "Varient_name": "Atque laborum omnis"}}, {"model": "cars.carvarient", "pk": 62, "fields": {"car_model": 48, "Varient_name": "Rerum dolorem e"}}, {"model": "cars.carvarient", "pk": 63, "fields": {"car_model": 27, "Varient_name": "Animi magnam incid"}}, {"model": "cars.carvarient", "pk": 64, "fields": {"car_model": 34, "Varient_name": "Commodi iste aliquid quibusdam"}}, {"model": "cars.carvarient", "pk": 65, "fields": {"car_model": 56, "Varient_name": "Incidunt est blanditiis ipsa maior"}}, {"model": "cars.carvarient", "pk": 66, "fields": {"car_model": 29, "Varient_name": "Dolorem tenetur necessitatibus iste voluptatem im"}}, {"model": "cars.carvarient", "pk": 67, "fields": {"car_model": 36, "Varient_name": "Natus sequi incidunt quisquam illum dolore e"}}, {"model": "cars.carvarient", "pk": 68, "fields": {"car_model": 23, "Varient_name": "Possimus libero nisi"}}, {"model": "cars.carvarient", "pk": 69, "fields": {"car_model": 26, "Varient_name": "Quidem su"}}, {"model": "cars.carvarient", "pk": 70, "fields": {"car_model": 36, "Varient_name": "Nesciunt soluta d"}}, {"model": "cars.carvarient", "pk": 71, "fields": {"car_model": 53, "Varient_name": "Magni repellat odit nobis nemo"}}, {"model": "cars.carvarient", "pk": 72, "fields": {"car_model": 50, "Varient_name": "Explicabo cumque a, sunt fugiat dignissimos har"}}, {"model": "cars.carvarient", "pk": 73, "fields": {"car_model": 23, "Varient_name": "Laboriosam nisi vo"}}, {"model": "cars.carvarient", "pk": 74, "fields": {"car_model": 20, "Varient_name": "Quae ad esse cumque sit numquam perspiciatis di"}}, {"model": "cars.carvarient", "pk": 75, "fields": {"car_model": 31, "Varient_name": "Temporibus cupiditate cum q"}}, {"model": "cars.carvarient", "pk": 76, "fields": {"car_model": 45, "Varient_name": "Eveniet aliquam cumque, nesc"}}, {"model": "cars.carvarient", "pk": 77, "fields": {"car_model": 8, "Varient_name": "Unde"}}, {"model": "cars.carvarient", "pk": 78, "fields": {"car_model": 33, "Varient_name": "Praesentium amet ad exe"}}, {"model": "cars.carvarient", "pk": 79, "fields": {"car_model": 6, "Varient_name": "Velit consequatur fugit es"}}, {"model": "cars.carvarient", "pk": 80, "fields": {"car_model": 8, "Varient_name": "Delectus itaqu"}}, {"model": "cars.carvarient", "pk": 81, "fields": {"car_model": 45, "Varient_name": "Perspiciatis ipsa consectetur,"}}, {"model": "cars.carvarient", "pk": 82, "fields": {"car_model": 64, "Varient_name": "Earum"}}, {"model": "cars.carvarient", "pk": 83, "fields": {"car_model": 64, "Varient_name": "Velit voluptates ea arc"}}, {"model": "cars.carvarient", "pk": 84, "fields": {"car_model": 61, "Varient_name": "Cum temporibus"}}, {"model": "cars.carvarient", "pk": 85, "fields": {"car_model": 25, "Varient_name": "Vitae cu"}}, {"model": "cars.carvarient", "pk": 86, "fields": {"car_model": 46, "Varient_name": "Ea soluta sequi maxime liber"}}, {"model": "cars.carvarient", "pk": 87, "fields": {"car_model": 43, "Varient_name": "Itaque quae a quis mi"}}, {"model": "cars.carvarient", "pk": 88, "fields": {"car_model": 38, "Varient_name": "Magni facer"}}, {"model": "cars.carvarient", "pk": 89, "fields": {"car_model": 10, "Varient_name": "Laudantium odit consequatur"}}, {"model": "cars.carvarient", "pk": 90, "fields": {"car_model": 5, "Varient_name": "Suscipit eveniet facere explicabo vitae la"}}, {"model": "cars.carvarient", "pk": 91, "fields": {"car_model": 39, "Varient_name": "Perferendis vitae repellendus a"}}, {"model": "cars.carvarient", "pk": 92, "fields": {"car_model": 35, "Varient_name": "Qui illum necessitatibus, a accusa"}}, {"model": "cars.carvarient", "pk": 93, "fields": {"car_model": 36, "Varient_name": "Modi animi laborum ex"}}, {"model": "cars.carvarient", "pk": 94, "fields": {"car_model": 20, "Varient_name": "Laboriosam fugit quasi excepturi sed dignis"}}, {"model": "cars.carvarient", "pk": 95, "fields": {"car_model": 18, "Varient_name": "Consequatur cons"}}, {"model": "cars.carvarient", "pk": 96, "fields": {"car_model": 5, "Varient_name": "Incidunt accusantium recusandae"}}, {"model": "cars.carvarient", "pk": 97, "fields": {"car_model": 65, "Varient_name": "Odio cum sapiente"}}, {"model": "cars.carvarient", "pk": 98, "fields": {"car_model": 55, "Varient_name": "Ullam alias eligendi autem aperiam repe"}}, {"model": "cars.carvarient", "pk": 99, "fields": {"car_model": 49, "Varient_name": "Ullam harum neque laudantium magni a"}}, {"model": "cars.carvarient", "pk": 100, "fields": {"car_model": 38, "Varient_name": "Cumque reiciend"}}, {"model": "cars.carvarient", "pk": 101, "fields": {"car_model": 20, "Varient_name": "Cupiditate accusantium sed hic. Neque soluta moles"}}, {"model": "cars.carvarient", "pk": 102, "fields": {"car_model": 26, "Varient_name": "Quasi iste quod possimus dis"}}, {"model": "cars.carvarient", "pk": 103, "fields": {"car_model": 22, "Varient_name": "Delectus molestia"}}, {"model": "cars.carvarient", "pk": 104, "fields": {"car_model": 61, "Varient_name": "Minus quam consectetur ipsum inventore aperia"}}, {"model": "cars.carvarient", "pk": 105, "fields": {"car_model": 18, "Varient_name": "Ipsum vol"}}, {"model": "cars.carvarient", "pk": 106, "fields": {"car_model": 45, "Varient_name": "Nam mollitia ratione illo"}}, {"model": "cars.carvarient", "pk": 107, "fields": {"car_model": 14, "Varient_name": "Voluptates consectetur iste optio, odio cumque"}}, {"model": "cars.carvarient", "pk": 108, "fields": {"car_model": 20, "Varient_name": "Totam hic qui aperiam quia. Expedi"}}, {"model": "cars.carvarient", "pk": 109, "fields": {"car_model": 33, "Varient_name": "Sint vitae optio facilis provident voluptatum itaq"}}, {"model": "cars.carvarient", "pk": 110, "fields": {"car_model": 9, "Varient_name": "Quisquam animi odit"}}, {"model": "cars.carvarient", "pk": 111, "fields": {"car_model": 3, "Varient_name": "Soluta molestiae fac"}}, {"model": "cars.carvarient", "pk": 112, "fields": {"car_model": 18, "Varient_name": "Iste ducimus magni quam, moles"}}, {"model": "cars.carvarient", "pk": 113, "fields": {"car_model": 45, "Varient_name": "Necessitatibus nisi ad"}}, {"model": "cars.carvarient", "pk": 114, "fields": {"car_model": 15, "Varient_name": "Alias sequi doloribus, sint quos amet nulla"}}, {"model": "cars.carvarient", "pk": 115, "fields": {"car_model": 21, "Varient_name": "Commodi nulla quidem? Amet"}}, {"model": "cars.carvarient", "pk": 116, "fields": {"car_model": 23, "Varient_name": "Mollitia voluptates nam, a unde venia"}}, {"model": "cars.carvarient", "pk": 117, "fields": {"car_model": 65, "Varient_name": "Ducimus repellat architecto totam, libe"}}, {"model": "cars.carvarient", "pk": 118, "fields": {"car_model": 32, "Varient_name": "Atque amet commodi e"}}, {"model": "cars.carvarient", "pk": 119, "fields": {"car_model": 60, "Varient_name": "Ipsum eaque cumque itaque laboriosam earum volupta"}}, {"model": "cars.carvarient", "pk": 120, "fields": {"car_model": 33, "Varient_name": "Ipsa rerum facilis d"}}, {"model": "cars.carvarient", "pk": 121, "fields": {"car_model": 56, "Varient_name": "Obcaecati eius blanditiis consequuntur ill"}}, {"model": "cars.carvarient", "pk": 122, "fields": {"car_model": 2, "Varient_name": "Odio obcaec"}}, {"model": "cars.carvarient", "pk": 123, "fields": {"car_model": 56, "Varient_name": "Voluptas iusto eos ne"}}, {"model": "cars.carvarient", "pk": 124, "fields": {"car_model": 51, "Varient_name": "Esse obcaecati ex, exercitationem mo"}}, {"model": "cars.carvarient", "pk": 125, "fields": {"car_model": 4, "Varient_name": "Harum ipsa voluptatibus recusandae arch"}}, {"model": "cars.carvarient", "pk": 126, "fields": {"car_model": 41, "Varient_name": "Totam"}}, {"model": "cars.carvarient", "pk": 127, "fields": {"car_model": 25, "Varient_name": "Voluptas fuga eveniet ut tempore dignissimos aute"}}, {"model": "cars.carvarient", "pk": 128, "fields": {"car_model": 2, "Varient_name": "Porro veritatis na"}}, {"model": "cars.carvarient", "pk": 129, "fields": {"car_model": 41, "Varient_name": "Vitae ipsa eius ratione alias o"}}, {"model": "cars.carvarient", "pk": 130, "fields": {"car_model": 52, "Varient_name": "Fugit culpa nesciu"}}, {"model": "cars.carvarient", "pk": 131, "fields": {"car_model": 23, "Varient_name": "Architecto repellendus fug"}}, {"model": "cars.carvarient", "pk": 132, "fields": {"car_model": 55, "Varient_name": "Vel sit rerum molestias quibusdam ducimus,"}}, {"model": "cars.carvarient", "pk": 133, "fields": {"car_model": 3, "Varient_name": "Ipsam excepturi at"}}, {"model": "cars.carvarient", "pk": 134, "fields": {"car_model": 27, "Varient_name": "Reiciendis ex"}}, {"model": "cars.carvarient", "pk": 135, "fields": {"car_model": 6, "Varient_name": "Nam porro non alias recusandae error vo"}}, {"model": "cars.carvarient", "pk": 136, "fields": {"car_model": 30, "Varient_name": "Culpa deserunt c"}}, {"model": "cars.carvarient", "pk": 137, "fields": {"car_model": 61, "Varient_name": "Debitis minima id praesentium tempore m"}}, {"model": "cars.carvarient", "pk": 138, "fields": {"car_model": 49, "Varient_name": "Numquam sit nisi ex cum optio offi"}}, {"model": "cars.carvarient", "pk": 139, "fields": {"car_model": 12, "Varient_name": "Repudiandae sed similiq"}}, {"model": "cars.carvarient", "pk": 140, "fields": {"car_model": 62, "Varient_name": "Ut repellendus liber"}}, {"model": "cars.carvarient", "pk": 141, "fields": {"car_model": 40, "Varient_name": "Consec"}}, {"model": "cars.carvarient", "pk": 142, "fields": {"car_model": 17, "Varient_name": "Harum facilis nemo dignissimos, neque"}}, {"model": "cars.carvarient", "pk": 143, "fields": {"car_model": 48, "Varient_name": "Id mollitia minus elig"}}, {"model": "cars.carvarient", "pk": 144, "fields": {"car_model": 14, "Varient_name": "Accusantium dolorem c"}}, {"model": "cars.carvarient", "pk": 145, "fields": {"car_model": 32, "Varient_name": "Laudantiu"}}, {"model": "cars.carvarient", "pk": 146, "fields": {"car_model": 43, "Varient_name": "Vero quibusdam tenetur"}}, {"model": "cars.carvarient", "pk": 147, "fields": {"car_model": 36, "Varient_name": "Vel esse eum alias autem sapiente ipsum d"}}, {"model": "cars.carvarient", "pk": 148, "fields": {"car_model": 18, "Varient_name": "Sapiente optio facere non quam, hic co"}}, {"model": "cars.carvarient", "pk": 149, "fields": {"car_model": 51, "Varient_name": "Veniam ullam earum impedit"}}, {"model": "cars.carvarient", "pk": 150, "fields": {"car_model": 61, "Varient_name": "At tempore deleniti ad omnis eius totam molestia"}}, {"model": "cars.carvarient", "pk": 151, "fields": {"car_model": 65, "Varient_name": "Fuga quibusdam aperiam obcaecati tenetur"}}, {"model": "cars.carvarient", "pk": 152, "fields": {"car_model": 12, "Varient_name": "Quaerat nostrum porro delenit"}}, {"model": "cars.carvarient", "pk": 153, "fields": {"car_model": 34, "Varient_name": "Beatae accusantium laborum nemo ipsa ve"}}, {"model": "cars.carvarient", "pk": 154, "fields": {"car_model": 46, "Varient_name": "Quibusdam repellen"}}, {"model": "cars.carvarient", "pk": 155, "fields": {"car_model": 11, "Varient_name": "Rem pariatur molest"}}, {"model": "cars.carvarient", "pk": 156, "fields": {"car_model": 50, "Varient_name": "Vel odio evenie"}}, {"model": "cars.carvarient", "pk": 157, "fields": {"car_model": 50, "Varient_name": "Vel incidunt amet veritatis expe"}}, {"model": "cars.carvarient", "pk": 158, "fields": {"car_model": 36, "Varient_name": "Ducimus sequi quibusdam"}}, {"model": "cars.carvarient", "pk": 159, "fields": {"car_model": 22, "Varient_name": "Quaerat perferendis error nostrum sit omnis praese"}}, {"model": "cars.carvarient", "pk": 160, "fields": {"car_model": 57, "Varient_name": "Praesentium voluptatem deleniti beatae"}}, {"model": "cars.carvarient", "pk": 161, "fields": {"car_model": 2, "Varient_name": "Delectus pariatur dicta tempo"}}, {"model": "cars.carvarient", "pk": 162, "fields": {"car_model": 50, "Varient_name": "Aperiam r"}}, {"model": "cars.carvarient", "pk": 163, "fields": {"car_model": 52, "Varient_name": "Consectetur similique eligendi, est p"}}, {"model": "cars.carvarient", "pk": 164, "fields": {"car_model": 63, "Varient_name": "Commodi quos magni accusantium reiciendis, quas"}}, {"model": "cars.carvarient", "pk": 165, "fields": {"car_model": 37, "Varient_name": "Doloribus"}}, {"model": "cars.carvarient", "pk": 166, "fields": {"car_model": 34, "Varient_name": "Magni animi beatae nostrum earum adip"}}, {"model": "cars.carvarient", "pk": 167, "fields": {"car_model": 49, "Varient_name": "Sunt ipsam omnis nulla est tempor"}}, {"model": "cars.carvarient", "pk": 168, "fields": {"car_model": 56, "Varient_name": "Tempore hic fugiat velit, aspernatu"}}, {"model": "cars.carvarient", "pk": 169, "fields": {"car_model": 38, "Varient_name": "Voluptatem ab e"}}, {"model": "cars.carvarient", "pk": 170, "fields": {"car_model": 51, "Varient_name": "Sit magnam corrupti, ad consectetur a"}}, {"model": "cars.carvarient", "pk": 171, "fields": {"car_model": 40, "Varient_name": "Odio soluta quod ad"}}, {"model": "cars.carvarient", "pk": 172, "fields": {"car_model": 22, "Varient_name": "Nemo esse"}}, {"model": "cars.carvarient", "pk": 173, "fields": {"car_model": 51, "Varient_name": "Natus eos rerum sit amet? Sapiente facili"}}, {"model": "cars.carvarient", "pk": 174, "fields": {"car_model": 20, "Varient_name": "Iure rati"}}, {"model": "cars.carvarient", "pk": 175, "fields": {"car_model": 46, "Varient_name": "Et magnam ab error aliquid, explicabo ipsum iste"}}, {"model": "cars.carvarient", "pk": 176, "fields": {"car_model": 56, "Varient_name": "Fuga maxime iure itaque harum, op"}}, {"model": "cars.carvarient", "pk": 177, "fields": {"car_model": 55, "Varient_name": "Voluptatem nostrum laudantium nobis vitae deseru"}}, {"model": "cars.carvarient", "pk": 178, "fields": {"car_model": 39, "Varient_name": "Quibusdam magnam natus recusandae sit"}}, {"model": "cars.carvarient", "pk": 179, "fields": {"car_model": 32, "Varient_name": "Nihil exercitationem consequu"}}, {"model": "cars.carvarient", "pk": 180, "fields": {"car_model": 65, "Varient_name": "Repellendus laudantium ab, molestias quae"}}, {"model": "cars.carvarient", "pk": 181, "fields": {"car_model": 30, "Varient_name": "Quisquam pariatur harum ul"}}, {"model": "cars.carvarient", "pk": 182, "fields": {"car_model": 11, "Varient_name": "Tempora"}}, {"model": "cars.carvarient", "pk": 183, "fields": {"car_model": 38, "Varient_name": "Soluta corrupti pariatur illo nostrum itaque mol"}}, {"model": "cars.carvarient", "pk": 184, "fields": {"car_model": 58, "Varient_name": "Praesenti"}}, {"model": "cars.carvarient", "pk": 185, "fields": {"car_model": 53, "Varient_name": "Ab dolor iusto. Hic asperiores eveniet"}}, {"model": "cars.carvarient", "pk": 186, "fields": {"car_model": 19, "Varient_name": "Voluptas"}}, {"model": "cars.carvarient", "pk": 187, "fields": {"car_model": 63, "Varient_name": "Ea hic asperiores"}}, {"model": "cars.carvarient", "pk": 188, "fields": {"car_model": 46, "Varient_name": "Esse recusandae praesentium voluptat"}}, {"model": "cars.carvarient", "pk": 189, "fields": {"car_model": 32, "Varient_name": "Hic nihil esse facere dolo"}}, {"model": "cars.carvarient", "pk": 190, "fields": {"car_model": 33, "Varient_name": "Nobis sed labore"}}, {"model": "cars.carvarient", "pk": 191, "fields": {"car_model": 45, "Varient_name": "Odit quibusdam quidem optio,"}}, {"model": "cars.carvarient", "pk": 192, "fields": {"car_model": 15, "Varient_name": "Laborum rerum libero"}}, {"model": "cars.carvarient", "pk": 193, "fields": {"car_model": 23, "Varient_name": "Autem obcaeca"}}, {"model": "cars.carvarient", "pk": 194, "fields": {"car_model": 7, "Varient_name": "Repudiandae facilis saepe q"}}, {"model": "cars.carvarient", "pk": 195, "fields": {"car_model": 8, "Varient_name": "Qui est quae voluptas voluptate"}}, {"model": "cars.carvarient", "pk": 196, "fields": {"car_model": 41, "Varient_name": "Praesentium"}}, {"model": "cars.carvarient", "pk": 197, "fields": {"car_model": 31, "Varient_name": "Aut odio fugiat quisquam rem nesciu"}}, {"model": "cars.carvarient", "pk": 198, "fields": {"car_model": 46, "Varient_name": "Expedita corrupti"}}, {"model": "cars.carvarient", "pk": 199, "fields": {"car_model": 52, "Varient_name": "Facilis veritatis iure cumque delectus n"}}, {"model": "cars.carvarient", "pk": 200, "fields": {"car_model": 11, "Varient_name": "Earum adipisci ipsam cum, harum tenetur minus fug"}}, {"model": "cars.carvarient", "pk": 201, "fields": {"car_model": 39, "Varient_name": "Vero officia suscipit quas"}}, {"model": "cars.carvarient", "pk": 202, "fields": {"car_model": 63, "Varient_name": "Vero pariatur"}}, {"model": "cars.carvarient", "pk": 203, "fields": {"car_model": 47, "Varient_name": "Quo quisquam rerum exercit"}}, {"model": "cars.carvarient", "pk": 204, "fields": {"car_model": 41, "Varient_name": "Magni ducimus harum perspiciatis ni"}}, {"model": "cars.carvarient", "pk": 205, "fields": {"car_model": 63, "Varient_name": "Repellat quasi conse"}}, {"model": "cars.carvarient", "pk": 206, "fields": {"car_model": 41, "Varient_name": "Quisquam eum quos labor"}}, {"model": "cars.carvarient", "pk": 207, "fields": {"car_model": 57, "Varient_name": "Voluptate omnis nesciunt ullam in si"}}, {"model": "cars.carvarient", "pk": 208, "fields": {"car_model": 35, "Varient_name": "Dolore ver"}}, {"model": "cars.carvarient", "pk": 209, "fields": {"car_model": 24, "Varient_name": "Sapiente nihil aut lauda"}}, {"model": "cars.carvarient", "pk": 210, "fields": {"car_model": 57, "Varient_name": "Neque velit numquam doloremque placeat archi"}}, {"model": "cars.carvarient", "pk": 211, "fields": {"car_model": 16, "Varient_name": "Voluptatum consequatur aliquam nequ"}}, {"model": "cars.carvarient", "pk": 212, "fields": {"car_model": 55, "Varient_name": "Eveniet cor"}}, {"model": "cars.carvarient", "pk": 213, "fields": {"car_model": 23, "Varient_name": "Minim"}}, {"model": "cars.carvarient", "pk": 214, "fields": {"car_model": 15, "Varient_name": "Tempo"}}, {"model": "cars.carvarient", "pk": 215, "fields": {"car_model": 60, "Varient_name": "Molestias voluptas soluta"}}, {"model": "cars.carvarient", "pk": 216, "fields": {"car_model": 8, "Varient_name": "Sed ab odio praesentium quisquam ve"}}, {"model": "cars.carvarient", "pk": 217, "fields": {"car_model": 9, "Varient_name": "Quo aliquam quod dig"}}, {"model": "cars.carvarient", "pk": 218, "fields": {"car_model": 37, "Varient_name": "Perferendis laboriosam provi"}}, {"model": "cars.carvarient", "pk": 219, "fields": {"car_model": 44, "Varient_name": "Molestias nobis asperior"}}, {"model": "cars.carvarient", "pk": 220, "fields": {"car_model": 53, "Varient_name": "Necessitatibus enim a. Sed quae nihil di"}}, {"model": "cars.carvarient", "pk": 221, "fields": {"car_model": 53, "Varient_name": "Est consequatur accusantium iure porr"}}, {"model": "cars.carvarient", "pk": 222, "fields": {"car_model": 5, "Varient_name": "Hic odi"}}, {"model": "cars.carvarient", "pk": 223, "fields": {"car_model": 5, "Varient_name": "In quae id rem assumenda iste facer"}}, {"model": "cars.carvarient", "pk": 224, "fields": {"car_model": 52, "Varient_name": "Quia enim mol"}}, {"model": "cars.carvarient", "pk": 225, "fields": {"car_model": 58, "Varient_name": "Rem c"}}, {"model": "cars.carvarient", "pk": 226, "fields": {"car_model": 47, "Varient_name": "Eligendi neque quam vol"}}, {"model": "cars.carvarient", "pk": 227, "fields": {"car_model": 17, "Varient_name": "Reprehenderit magn"}}, {"model": "cars.carvarient", "pk": 228, "fields": {"car_model": 11, "Varient_name": "Aliquam molestias facilis, digniss"}}, {"model": "cars.carvarient", "pk": 229, "fields": {"car_model": 61, "Varient_name": "Expedita obcaecati aliquam molestiae conseq"}}, {"model": "cars.carvarient", "pk": 230, "fields": {"car_model": 11, "Varient_name": "Ipsum eaque accusamus officia"}}, {"model": "cars.carvarient", "pk": 231, "fields": {"car_model": 5, "Varient_name": "Suscipit nemo non tempora. A"}}, {"model": "cars.carvarient", "pk": 232, "fields": {"car_model": 4, "Varient_name": "Rerum error corrupti quisquam velit"}}, {"model": "cars.carvarient", "pk": 233, "fields": {"car_model": 5, "Varient_name": "At quae porro provi"}}, {"model": "cars.carvarient", "pk": 234, "fields": {"car_model": 18, "Varient_name": "Odit dicta asperiores dolo"}}, {"model": "cars.carvarient", "pk": 235, "fields": {"car_model": 44, "Varient_name": "Sunt quas"}}, {"model": "cars.carvarient", "pk": 236, "fields": {"car_model": 45, "Varient_name": "Tenetur odit rem quas, minus d"}}, {"model": "cars.carvarient", "pk": 237, "fields": {"car_model": 37, "Varient_name": "Delectus sed nobis accusamus maiores voluptatem"}}, {"model": "cars.carvarient", "pk": 238, "fields": {"car_model": 13, "Varient_name": "Pariatur ducimus facere sequ"}}, {"model": "cars.carvarient", "pk": 239, "fields": {"car_model": 44, "Varient_name": "Quaerat sequi accusant"}}, {"model": "cars.carvarient", "pk": 240, "fields": {"car_model": 22, "Varient_name": "Assumenda officiis deleniti nostrum repellen"}}, {"model": "cars.carvarient", "pk": 241, "fields": {"car_model": 28, "Varient_name": "Architecto delectus nostrum"}}, {"model": "cars.carvarient", "pk": 242, "fields": {"car_model": 43, "Varient_name": "Quisquam modi molestias cum aliquid sapi"}}, {"model": "cars.carvarient", "pk": 243, "fields": {"car_model": 62, "Varient_name": "Similique maiores voluptas sed beatae ess"}}, {"model": "cars.carvarient", "pk": 244, "fields": {"car_model": 63, "Varient_name": "Maiores exercitationem optio veritatis nam"}}, {"model": "cars.carvarient", "pk": 245, "fields": {"car_model": 33, "Varient_name": "Quaerat vero rem repudiandae a"}}, {"model": "cars.carvarient", "pk": 246, "fields": {"car_model": 29, "Varient_name": "Inventore iusto non quas earum repellen"}}, {"model": "cars.carvarient", "pk": 247, "fields": {"car_model": 58, "Varient_name": "Quo nostrum sunt placeat e"}}, {"model": "cars.carvarient", "pk": 248, "fields": {"car_model": 20, "Varient_name": "Quas amet"}}, {"model": "cars.carvarient", "pk": 249, "fields": {"car_model": 6, "Varient_name": "Doloribus quasi nobis molestias modi pa"}}, {"model": "cars.carvarient", "pk": 250, "fields": {"car_model": 54, "Varient_name": "Ipsa aspernatur officiis al"}}, {"model": "cars.carvarient", "pk": 251, "fields": {"car_model": 64, "Varient_name": "Eos reprehenderi"}}, {"model": "cars.carvarient", "pk": 252, "fields": {"car_model": 56, "Varient_name": "Labore fugiat ex vol"}}, {"model": "cars.carvarient", "pk": 253, "fields": {"car_model": 24, "Varient_name": "Totam dolor exercitationem sequi suscipit aliqua"}}, {"model": "cars.carvarient", "pk": 254, "fields": {"car_model": 25, "Varient_name": "Itaque eius neque, cum neque explicabo e"}}, {"model": "cars.carvarient", "pk": 255, "fields": {"car_model": 44, "Varient_name": "Numquam amet eum exercitationem corporis ex"}}, {"model": "cars.carvarient", "pk": 256, "fields": {"car_model": 35, "Varient_name": "Ratione corrupti molestiae perferendis ipsum"}}, {"model": "cars.carvarient", "pk": 257, "fields": {"car_model": 12, "Varient_name": "Aperiam accusamus iusto perspiciatis max"}}, {"model": "cars.carvarient", "pk": 258, "fields": {"car_model": 63, "Varient_name": "Beatae numqua"}}, {"model": "cars.carvarient", "pk": 259, "fields": {"car_model": 41, "Varient_name": "Delectus repellat cupiditate sequi explicabo accus"}}, {"model": "cars.carvarient", "pk": 260, "fields": {"car_model": 8, "Varient_name": "Cumque ullam incidunt doloribus ali"}}, {"model": "cars.carvarient", "pk": 261, "fields": {"car_model": 34, "Varient_name": "Ad nostrum optio, nisi si"}}, {"model": "cars.carvarient", "pk": 262, "fields": {"car_model": 40, "Varient_name": "Repudiandae delectus excepturi ab f"}}, {"model": "cars.carvarient", "pk": 263, "fields": {"car_model": 48, "Varient_name": "Ex molestias libero v"}}, {"model": "cars.carvarient", "pk": 264, "fields": {"car_model": 65, "Varient_name": "Expedita unde libero"}}, {"model": "cars.carvarient", "pk": 265, "fields": {"car_model": 2, "Varient_name": "Ab ea qui. Voluptatem re"}}, {"model": "cars.carvarient", "pk": 266, "fields": {"car_model": 39, "Varient_name": "Voluptate"}}, {"model": "cars.carvarient", "pk": 267, "fields": {"car_model": 42, "Varient_name": "Possimus velit eum, ad"}}, {"model": "cars.carvarient", "pk": 268, "fields": {"car_model": 35, "Varient_name": "Libero maxime necessitatibus recusa"}}, {"model": "cars.carvarient", "pk": 269, "fields": {"car_model": 54, "Varient_name": "Eius voluptatem"}}, {"model": "cars.carvarient", "pk": 270, "fields": {"car_model": 22, "Varient_name": "Minima quis nisi molestias ullam"}}, {"model": "cars.carvarient", "pk": 271, "fields": {"car_model": 25, "Varient_name": "Nisi dignissimos velit ab"}}, {"model": "cars.carvarient", "pk": 272, "fields": {"car_model": 10, "Varient_name": "Laborum ad accusamus delectus voluptate at"}}, {"model": "cars.carvarient", "pk": 273, "fields": {"car_model": 53, "Varient_name": "Quod magnam quos optio pariatur, sequi c"}}, {"model": "cars.carvarient", "pk": 274, "fields": {"car_model": 64, "Varient_name": "At explicabo blanditiis a cumq"}}, {"model": "cars.carvarient", "pk": 275, "fields": {"car_model": 54, "Varient_name": "Sit dolores incid"}}, {"model": "cars.carvarient", "pk": 276, "fields": {"car_model": 15, "Varient_name": "Aut reiciendis nostrum ipsa quaerat quos esse"}}, {"model": "cars.carvarient", "pk": 277, "fields": {"car_model": 25, "Varient_name": "Rerum mo"}}, {"model": "cars.carvarient", "pk": 278, "fields": {"car_model": 58, "Varient_name": "Debitis tempora incidunt obcaecati v"}}, {"model": "cars.carvarient", "pk": 279, "fields": {"car_model": 36, "Varient_name": "Quisquam rem ipsam consequatur accusamus fac"}}, {"model": "cars.carvarient", "pk": 280, "fields": {"car_model": 5, "Varient_name": "Cupiditate libero corporis vol"}}, {"model": "cars.carvarient", "pk": 281, "fields": {"car_model": 16, "Varient_name": "Et velit re"}}, {"model": "cars.carvarient", "pk": 282, "fields": {"car_model": 49, "Varient_name": "Error dol"}}, {"model": "cars.carvarient", "pk": 283, "fields": {"car_model": 56, "Varient_name": "Officiis nihil blanditiis odit molestia"}}, {"model": "cars.carvarient", "pk": 284, "fields": {"car_model": 9, "Varient_name": "Enim necessitatib"}}, {"model": "cars.carvarient", "pk": 285, "fields": {"car_model": 27, "Varient_name": "Necessitatibus fugit tempore doloribus volupta"}}, {"model": "cars.carvarient", "pk": 286, "fields": {"car_model": 7, "Varient_name": "Laudantium vel vero unde tempora"}}, {"model": "cars.carvarient", "pk": 287, "fields": {"car_model": 57, "Varient_name": "Id placea"}}, {"model": "cars.carvarient", "pk": 288, "fields": {"car_model": 15, "Varient_name": "Enim expedita illo fugiat numq"}}, {"model": "cars.carvarient", "pk": 289, "fields": {"car_model": 4, "Varient_name": "Animi blanditiis possimus"}}, {"model": "cars.carvarient", "pk": 290, "fields": {"car_model": 13, "Varient_name": "Cumque animi inventore obcaecati re"}}, {"model": "cars.carvarient", "pk": 291, "fields": {"car_model": 15, "Varient_name": "Error quo quisquam architecto necessit"}}, {"model": "cars.carvarient", "pk": 292, "fields": {"car_model": 33, "Varient_name": "Invent"}}, {"model": "cars.carvarient", "pk": 293, "fields": {"car_model": 12, "Varient_name": "Aspern"}}, {"model": "cars.carvarient", "pk": 294, "fields": {"car_model": 41, "Varient_name": "Culpa fuga pariatur itaque accusam"}}, {"model": "cars.carvarient", "pk": 295, "fields": {"car_model": 17, "Varient_name": "Aperiam voluptatib"}}, {"model": "cars.carvarient", "pk": 296, "fields": {"car_model": 29, "Varient_name": "Eos dolore ducimus m"}}, {"model": "cars.carvarient", "pk": 297, "fields": {"car_model": 57, "Varient_name": "Tempore volupta"}}, {"model": "cars.carvarient", "pk": 298, "fields": {"car_model": 30, "Varient_name": "Sequi dolore illo reprehenderit suscip"}}, {"model": "cars.carvarient", "pk": 299, "fields": {"car_model": 10, "Varient_name": "Ipsa ipsum voluptates modi cor"}}, {"model": "cars.carvarient", "pk": 300, "fields": {"car_model": 46, "Varient_name": "Doloremque iste iure necessitatibu"}}, {"model": "cars.carinstance", "pk": 1, "fields": {"car_model": 2, "car_varient": 128, "city": 2, "km_driven": 2000, "price": 400000, "added_by": 1, "image": "media/car-image/bg-01-1600x600_V6Cz9Hm.jpeg", "image1": "bg-01-1600x600.jpeg", "image2": "bg-01-1600x600_wyBujzn.jpeg", "fuel_type": "p", "transmission_type": "m", "reg_year": "l", "created_at": "2021-02-15T05:17:06.951Z", "edited": "2021-02-15T07:32:23.459Z", "mileage": 0, "is_new": false}}, {"model": "cars.carinstance", "pk": 2, "fields": {"car_model": 2, "car_varient": 161, "city": 1, "km_driven": 400, "price": 90000, "added_by": 1, "image": "media/car-image/bg-01-1600x600_6PktYTP.jpeg", "image1": "", "image2": "", "fuel_type": "p", "transmission_type": "m", "reg_year": "k", "created_at": "2021-02-15T07:24:58.747Z", "edited": "2021-02-15T07:24:58.747Z", "mileage": 0, "is_new": false}}, {"model": "cars.carinstance", "pk": 3, "fields": {"car_model": 6, "car_varient": 289, "city": 3, "km_driven": 2000, "price": 400000, "added_by": 4, "image": "media/car-image/bg-01-1600x600_W2Gm1UC.jpeg", "image1": "", "image2": "", "fuel_type": "p", "transmission_type": "m", "reg_year": "l", "created_at": "2021-02-22T10:19:31.199Z", "edited": "2021-02-22T10:19:31.199Z", "mileage": 20, "is_new": false}}, {"model": "cars.carinstance", "pk": 4, "fields": {"car_model": 8, "car_varient": 232, "city": 2, "km_driven": 4, "price": 4, "added_by": 27, "image": "media/car-image/bg-01-1600x600_dVqqH4h.jpeg", "image1": "", "image2": "", "fuel_type": "p", "transmission_type": "m", "reg_year": "l", "created_at": "2021-02-22T10:34:20.005Z", "edited": "2021-02-22T10:34:20.005Z", "mileage": 26, "is_new": true}}, {"model": "cars.carinstance", "pk": 5, "fields": {"car_model": 15, "car_varient": 231, "city": 6, "km_driven": 200, "price": 90000, "added_by": 4, "image": "media/car-image/bg-01-1600x600_ZmXg1eg.jpeg", "image1": "", "image2": "", "fuel_type": "p", "transmission_type": "m", "reg_year": "l", "created_at": "2021-02-24T06:31:07.190Z", "edited": "2021-02-24T06:31:07.190Z", "mileage": 2, "is_new": false}}]